dataset,arch_str,target_dim,seed,layer,epsilon,num_regions,n_orders,num_quotient_min,num_quotient_max,num_quotient_spread,relative_spread,plug_in_func_bits_spread,miller_madow_func_bits_spread
composite,"[25, 25, 25, 25, 25]",-1,101,1,0.1,128,16,128,128,0,0,3.9968e-15,3.77476e-15
composite,"[25, 25, 25, 25, 25]",-1,101,1,0.3,128,16,128,128,0,0,3.9968e-15,3.77476e-15
composite,"[25, 25, 25, 25, 25]",-1,101,1,0.5,128,16,128,128,0,0,3.9968e-15,3.77476e-15
composite,"[25, 25, 25, 25, 25]",-1,101,1,1,128,16,128,128,0,0,3.9968e-15,3.77476e-15
composite,"[25, 25, 25, 25, 25]",-1,101,2,0.1,287,16,246,248,2,0.00696864,0.000709588,0.00503767
composite,"[25, 25, 25, 25, 25]",-1,101,2,0.3,287,16,138,146,8,0.0278746,0.0292901,0.034568
composite,"[25, 25, 25, 25, 25]",-1,101,2,0.5,287,16,101,105,4,0.0139373,0.0219218,0.0175937
composite,"[25, 25, 25, 25, 25]",-1,101,2,1,287,16,86,86,0,0,3.9968e-15,3.9968e-15
composite,"[25, 25, 25, 25, 25]",-1,101,3,0.1,465,16,397,400,3,0.00645161,3.55271e-15,0.00649213
composite,"[25, 25, 25, 25, 25]",-1,101,3,0.3,465,16,192,203,11,0.0236559,0.0422964,0.053745
composite,"[25, 25, 25, 25, 25]",-1,101,3,0.5,465,16,130,137,7,0.0150538,0.0206704,0.02174
composite,"[25, 25, 25, 25, 25]",-1,101,3,1,465,16,100,104,4,0.00860215,0.0158636,0.0155398
composite,"[25, 25, 25, 25, 25]",-1,101,4,0.1,602,16,437,450,13,0.0215947,0.00402084,0.0249208
composite,"[25, 25, 25, 25, 25]",-1,101,4,0.3,602,16,187,197,10,0.0166113,0.0170004,0.0295195
composite,"[25, 25, 25, 25, 25]",-1,101,4,0.5,602,16,118,125,7,0.0116279,0.02379,0.0302821
composite,"[25, 25, 25, 25, 25]",-1,101,4,1,602,16,83,86,3,0.00498339,0.0333438,0.0355079
composite,"[25, 25, 25, 25, 25]",-1,101,5,0.1,798,16,545,554,9,0.0112782,0.00421026,0.0209
composite,"[25, 25, 25, 25, 25]",-1,101,5,0.3,798,16,258,272,14,0.0175439,0.0263993,0.039022
composite,"[25, 25, 25, 25, 25]",-1,101,5,0.5,798,16,183,194,11,0.0137845,0.0104621,0.0180422
composite,"[25, 25, 25, 25, 25]",-1,101,5,1,798,16,134,139,5,0.00626566,0.00720757,0.00943428
composite,"[25, 25, 25, 25, 25]",-1,102,1,0.1,135,16,135,135,0,0,3.10862e-15,3.77476e-15
composite,"[25, 25, 25, 25, 25]",-1,102,1,0.3,135,16,135,135,0,0,3.10862e-15,3.77476e-15
composite,"[25, 25, 25, 25, 25]",-1,102,1,0.5,135,16,135,135,0,0,3.10862e-15,3.77476e-15
composite,"[25, 25, 25, 25, 25]",-1,102,1,1,135,16,135,135,0,0,3.10862e-15,3.77476e-15
composite,"[25, 25, 25, 25, 25]",-1,102,2,0.1,342,16,305,306,1,0.00292398,0.00103839,0.00210021
composite,"[25, 25, 25, 25, 25]",-1,102,2,0.3,342,16,200,206,6,0.0175439,0.0396525,0.0374885
composite,"[25, 25, 25, 25, 25]",-1,102,2,0.5,342,16,157,161,4,0.0116959,0.0234154,0.0257731
composite,"[25, 25, 25, 25, 25]",-1,102,2,1,342,16,133,135,2,0.00584795,6.38904e-05,0.00426419
composite,"[25, 25, 25, 25, 25]",-1,102,3,0.1,515,16,422,426,4,0.00776699,0.0038807,0.00884776
composite,"[25, 25, 25, 25, 25]",-1,102,3,0.3,515,16,203,211,8,0.015534,0.0533064,0.045347
composite,"[25, 25, 25, 25, 25]",-1,102,3,0.5,515,16,136,144,8,0.015534,0.0454504,0.0386528
composite,"[25, 25, 25, 25, 25]",-1,102,3,1,515,16,103,107,4,0.00776699,0.00989004,0.015791
composite,"[25, 25, 25, 25, 25]",-1,102,4,0.1,680,16,489,498,9,0.0132353,1.77636e-15,0.0194764
composite,"[25, 25, 25, 25, 25]",-1,102,4,0.3,680,16,203,215,12,0.0176471,0.0156092,0.0354971
composite,"[25, 25, 25, 25, 25]",-1,102,4,0.5,680,16,121,130,9,0.0132353,0.0151672,0.0181629
composite,"[25, 25, 25, 25, 25]",-1,102,4,1,680,16,78,82,4,0.00588235,0.0236585,0.0172938
composite,"[25, 25, 25, 25, 25]",-1,102,5,0.1,834,16,538,548,10,0.0119904,0.00647805,0.0200692
composite,"[25, 25, 25, 25, 25]",-1,102,5,0.3,834,16,218,227,9,0.0107914,0.020051,0.0330352
composite,"[25, 25, 25, 25, 25]",-1,102,5,0.5,834,16,132,139,7,0.00839329,0.0301941,0.0371833
composite,"[25, 25, 25, 25, 25]",-1,102,5,1,834,16,74,79,5,0.0059952,0.0375934,0.0368458
composite,"[25, 25, 25, 25, 25]",-1,103,1,0.1,154,16,154,154,0,0,2.66454e-15,2.88658e-15
composite,"[25, 25, 25, 25, 25]",-1,103,1,0.3,154,16,154,154,0,0,2.66454e-15,2.88658e-15
composite,"[25, 25, 25, 25, 25]",-1,103,1,0.5,154,16,154,154,0,0,2.66454e-15,2.88658e-15
composite,"[25, 25, 25, 25, 25]",-1,103,1,1,154,16,154,154,0,0,2.66454e-15,2.88658e-15
composite,"[25, 25, 25, 25, 25]",-1,103,2,0.1,317,16,266,268,2,0.00630915,0.00908776,0.00857066
composite,"[25, 25, 25, 25, 25]",-1,103,2,0.3,317,16,143,148,5,0.0157729,0.0278194,0.027096
composite,"[25, 25, 25, 25, 25]",-1,103,2,0.5,317,16,111,118,7,0.022082,0.0621095,0.0635297
composite,"[25, 25, 25, 25, 25]",-1,103,2,1,317,16,100,100,0,0,2.66454e-15,2.88658e-15
composite,"[25, 25, 25, 25, 25]",-1,103,3,0.1,453,16,342,347,5,0.0110375,0.00775423,0.0135764
composite,"[25, 25, 25, 25, 25]",-1,103,3,0.3,453,16,147,153,6,0.013245,0.0436185,0.0472398
composite,"[25, 25, 25, 25, 25]",-1,103,3,0.5,453,16,93,99,6,0.013245,0.0816652,0.0741105
composite,"[25, 25, 25, 25, 25]",-1,103,3,1,453,16,66,68,2,0.00441501,0.0113427,0.00917862
composite,"[25, 25, 25, 25, 25]",-1,103,4,0.1,622,16,413,421,8,0.0128617,0.0148402,0.0205193
composite,"[25, 25, 25, 25, 25]",-1,103,4,0.3,622,16,203,210,7,0.011254,0.0384798,0.0405152
composite,"[25, 25, 25, 25, 25]",-1,103,4,0.5,622,16,142,152,10,0.0160772,0.0537017,0.05532
composite,"[25, 25, 25, 25, 25]",-1,103,4,1,622,16,100,104,4,0.00643087,0.0377951,0.0383836
composite,"[25, 25, 25, 25, 25]",-1,103,5,0.1,773,16,444,455,11,0.0142303,0.00398382,0.0234326
composite,"[25, 25, 25, 25, 25]",-1,103,5,0.3,773,16,183,196,13,0.0168176,0.0223431,0.0361426
composite,"[25, 25, 25, 25, 25]",-1,103,5,0.5,773,16,114,122,8,0.0103493,0.0156626,0.0231249
composite,"[25, 25, 25, 25, 25]",-1,103,5,1,773,16,66,72,6,0.00776197,0.0353884,0.0374896
composite,"[25, 25, 25, 25, 25]",-1,104,1,0.1,131,16,131,131,0,0,3.9968e-15,3.9968e-15
composite,"[25, 25, 25, 25, 25]",-1,104,1,0.3,131,16,131,131,0,0,3.9968e-15,3.9968e-15
composite,"[25, 25, 25, 25, 25]",-1,104,1,0.5,131,16,131,131,0,0,3.9968e-15,3.9968e-15
composite,"[25, 25, 25, 25, 25]",-1,104,1,1,131,16,131,131,0,0,3.9968e-15,3.9968e-15
composite,"[25, 25, 25, 25, 25]",-1,104,2,0.1,336,16,296,298,2,0.00595238,0.00502317,0.00285912
composite,"[25, 25, 25, 25, 25]",-1,104,2,0.3,336,16,192,200,8,0.0238095,0.0109219,0.0156926
composite,"[25, 25, 25, 25, 25]",-1,104,2,0.5,336,16,143,147,4,0.0119048,0.0235708,0.0230097
composite,"[25, 25, 25, 25, 25]",-1,104,2,1,336,16,135,136,1,0.00297619,0.00752712,0.00738235
composite,"[25, 25, 25, 25, 25]",-1,104,3,0.1,539,16,402,407,5,0.00927644,0.0192064,0.0192064
composite,"[25, 25, 25, 25, 25]",-1,104,3,0.3,539,16,216,223,7,0.012987,0.0190646,0.0177368
composite,"[25, 25, 25, 25, 25]",-1,104,3,0.5,539,16,148,156,8,0.0148423,0.0363521,0.0352426
composite,"[25, 25, 25, 25, 25]",-1,104,3,1,539,16,120,124,4,0.00742115,0.0234603,0.0230805
composite,"[25, 25, 25, 25, 25]",-1,104,4,0.1,681,16,431,438,7,0.010279,0.024667,0.0271554
composite,"[25, 25, 25, 25, 25]",-1,104,4,0.3,681,16,218,224,6,0.00881057,0.0196322,0.0196322
composite,"[25, 25, 25, 25, 25]",-1,104,4,0.5,681,16,140,146,6,0.00881057,0.0299635,0.0371388
composite,"[25, 25, 25, 25, 25]",-1,104,4,1,681,16,100,105,5,0.00734214,0.0256887,0.0320199
composite,"[25, 25, 25, 25, 25]",-1,104,5,0.1,803,16,458,469,11,0.0136986,0.0154863,0.0293395
composite,"[25, 25, 25, 25, 25]",-1,104,5,0.3,803,16,195,206,11,0.0136986,0.0108681,0.0246441
composite,"[25, 25, 25, 25, 25]",-1,104,5,0.5,803,16,109,122,13,0.0161893,0.00853745,0.0313199
composite,"[25, 25, 25, 25, 25]",-1,104,5,1,803,16,55,62,7,0.00871731,0.0467911,0.0446271
composite,"[25, 25, 25, 25, 25]",-1,105,1,0.1,128,16,128,128,0,0,3.9968e-15,3.9968e-15
composite,"[25, 25, 25, 25, 25]",-1,105,1,0.3,128,16,128,128,0,0,3.9968e-15,3.9968e-15
composite,"[25, 25, 25, 25, 25]",-1,105,1,0.5,128,16,128,128,0,0,3.9968e-15,3.9968e-15
composite,"[25, 25, 25, 25, 25]",-1,105,1,1,128,16,128,128,0,0,3.9968e-15,3.9968e-15
composite,"[25, 25, 25, 25, 25]",-1,105,2,0.1,340,16,292,293,1,0.00294118,2.66454e-15,0.00216404
composite,"[25, 25, 25, 25, 25]",-1,105,2,0.3,340,16,181,188,7,0.0205882,0.00900349,0.0184445
composite,"[25, 25, 25, 25, 25]",-1,105,2,0.5,340,16,146,151,5,0.0147059,0.010833,0.00761123
composite,"[25, 25, 25, 25, 25]",-1,105,2,1,340,16,130,131,1,0.00294118,3.9968e-15,0.00216404
composite,"[25, 25, 25, 25, 25]",-1,105,3,0.1,531,16,413,417,4,0.00753296,0.0218089,0.0246981
composite,"[25, 25, 25, 25, 25]",-1,105,3,0.3,531,16,215,224,9,0.0169492,0.0305082,0.0345795
composite,"[25, 25, 25, 25, 25]",-1,105,3,0.5,531,16,145,151,6,0.0112994,0.0402341,0.0402341
composite,"[25, 25, 25, 25, 25]",-1,105,3,1,531,16,105,110,5,0.0094162,0.00866224,0.00983335
composite,"[25, 25, 25, 25, 25]",-1,105,4,0.1,691,16,507,513,6,0.00868307,0.0220033,0.0284954
composite,"[25, 25, 25, 25, 25]",-1,105,4,0.3,691,16,234,245,11,0.015919,0.015892,0.0266765
composite,"[25, 25, 25, 25, 25]",-1,105,4,0.5,691,16,150,163,13,0.0188133,0.0261848,0.034841
composite,"[25, 25, 25, 25, 25]",-1,105,4,1,691,16,105,108,3,0.00434153,0.00470472,0.00943571
composite,"[25, 25, 25, 25, 25]",-1,105,5,0.1,903,16,584,595,11,0.0121816,0.0135721,0.0292958
composite,"[25, 25, 25, 25, 25]",-1,105,5,0.3,903,16,248,260,12,0.013289,0.00906406,0.0197626
composite,"[25, 25, 25, 25, 25]",-1,105,5,0.5,903,16,161,172,11,0.0121816,0.00758001,0.0270577
composite,"[25, 25, 25, 25, 25]",-1,105,5,1,903,16,113,119,6,0.00664452,0.0170541,0.0190646
composite,"[25, 25, 25]",-1,101,1,0.1,127,16,127,127,0,0,3.55271e-15,3.77476e-15
composite,"[25, 25, 25]",-1,101,1,0.3,127,16,127,127,0,0,3.55271e-15,3.77476e-15
composite,"[25, 25, 25]",-1,101,1,0.5,127,16,127,127,0,0,3.55271e-15,3.77476e-15
composite,"[25, 25, 25]",-1,101,1,1,127,16,127,127,0,0,3.55271e-15,3.77476e-15
composite,"[25, 25, 25]",-1,101,2,0.1,352,16,277,282,5,0.0142045,0.0255629,0.0276919
composite,"[25, 25, 25]",-1,101,2,0.3,352,16,182,187,5,0.0142045,0.0240469,0.0254962
composite,"[25, 25, 25]",-1,101,2,0.5,352,16,150,156,6,0.0170455,0.0112015,0.00988535
composite,"[25, 25, 25]",-1,101,2,1,352,16,136,136,0,0,2.22045e-15,2.22045e-15
composite,"[25, 25, 25]",-1,101,3,0.1,595,16,393,403,10,0.0168067,0.00941345,0.0212051
composite,"[25, 25, 25]",-1,101,3,0.3,595,16,217,228,11,0.0184874,0.0256494,0.0258213
composite,"[25, 25, 25]",-1,101,3,0.5,595,16,172,180,8,0.0134454,0.0307772,0.0329413
composite,"[25, 25, 25]",-1,101,3,1,595,16,149,152,3,0.00504202,0.0135355,0.0135355
composite,"[25, 25, 25]",-1,102,1,0.1,136,16,136,136,0,0,3.55271e-15,3.9968e-15
composite,"[25, 25, 25]",-1,102,1,0.3,136,16,136,136,0,0,3.55271e-15,3.9968e-15
composite,"[25, 25, 25]",-1,102,1,0.5,136,16,136,136,0,0,3.55271e-15,3.9968e-15
composite,"[25, 25, 25]",-1,102,1,1,136,16,136,136,0,0,3.55271e-15,3.9968e-15
composite,"[25, 25, 25]",-1,102,2,0.1,323,16,237,240,3,0.00928793,0.0100297,0.012086
composite,"[25, 25, 25]",-1,102,2,0.3,323,16,141,146,5,0.0154799,0.0320763,0.0243808
composite,"[25, 25, 25]",-1,102,2,0.5,323,16,113,119,6,0.0185759,0.0129174,0.0114977
composite,"[25, 25, 25]",-1,102,2,1,323,16,104,106,2,0.00619195,0.000505913,0.00408097
composite,"[25, 25, 25]",-1,102,3,0.1,634,16,477,483,6,0.00946372,0.00726466,0.0127904
composite,"[25, 25, 25]",-1,102,3,0.3,634,16,288,296,8,0.0126183,0.0290672,0.0256786
composite,"[25, 25, 25]",-1,102,3,0.5,634,16,223,228,5,0.00788644,0.0297571,0.0259319
composite,"[25, 25, 25]",-1,102,3,1,634,16,178,182,4,0.00630915,0.0209291,0.0230931
composite,"[25, 25, 25]",-1,103,1,0.1,121,16,121,121,0,0,1.33227e-15,1.33227e-15
composite,"[25, 25, 25]",-1,103,1,0.3,121,16,121,121,0,0,1.33227e-15,1.33227e-15
composite,"[25, 25, 25]",-1,103,1,0.5,121,16,121,121,0,0,1.33227e-15,1.33227e-15
composite,"[25, 25, 25]",-1,103,1,1,121,16,121,121,0,0,1.33227e-15,1.33227e-15
composite,"[25, 25, 25]",-1,103,2,0.1,325,16,269,272,3,0.00923077,0.00399123,0.00559172
composite,"[25, 25, 25]",-1,103,2,0.3,325,16,171,175,4,0.0123077,0.00334699,0.010785
composite,"[25, 25, 25]",-1,103,2,0.5,325,16,147,151,4,0.0123077,0.0181783,0.0181783
composite,"[25, 25, 25]",-1,103,2,1,325,16,143,143,0,0,0,0
composite,"[25, 25, 25]",-1,103,3,0.1,582,16,418,427,9,0.0154639,0.0197686,0.0235234
composite,"[25, 25, 25]",-1,103,3,0.3,582,16,210,220,10,0.0171821,0.0690844,0.0727827
composite,"[25, 25, 25]",-1,103,3,0.5,582,16,151,162,11,0.0189003,0.0595858,0.0564136
composite,"[25, 25, 25]",-1,103,3,1,582,16,132,135,3,0.00515464,0.0362621,0.0362621
composite,"[25, 25, 25]",-1,104,1,0.1,138,16,138,138,0,0,2.44249e-15,2.44249e-15
composite,"[25, 25, 25]",-1,104,1,0.3,138,16,138,138,0,0,2.44249e-15,2.44249e-15
composite,"[25, 25, 25]",-1,104,1,0.5,138,16,138,138,0,0,2.44249e-15,2.44249e-15
composite,"[25, 25, 25]",-1,104,1,1,138,16,138,138,0,0,2.44249e-15,2.44249e-15
composite,"[25, 25, 25]",-1,104,2,0.1,383,16,314,319,5,0.0130548,0.0314365,0.0350928
composite,"[25, 25, 25]",-1,104,2,0.3,383,16,215,224,9,0.0234987,0.0555516,0.0620437
composite,"[25, 25, 25]",-1,104,2,0.5,383,16,167,173,6,0.0156658,0.0879987,0.0901628
composite,"[25, 25, 25]",-1,104,2,1,383,16,150,152,2,0.00522193,0.003705,0.0051122
composite,"[25, 25, 25]",-1,104,3,0.1,598,16,398,404,6,0.0100334,0.0113523,0.0150536
composite,"[25, 25, 25]",-1,104,3,0.3,598,16,199,209,10,0.0167224,0.0246811,0.0213376
composite,"[25, 25, 25]",-1,104,3,0.5,598,16,136,143,7,0.0117057,0.0206667,0.0314869
composite,"[25, 25, 25]",-1,104,3,1,598,16,94,99,5,0.0083612,0.028784,0.033112
composite,"[25, 25, 25]",-1,105,1,0.1,131,16,131,131,0,0,2.22045e-15,2.66454e-15
composite,"[25, 25, 25]",-1,105,1,0.3,131,16,131,131,0,0,2.22045e-15,2.66454e-15
composite,"[25, 25, 25]",-1,105,1,0.5,131,16,131,131,0,0,2.22045e-15,2.66454e-15
composite,"[25, 25, 25]",-1,105,1,1,131,16,131,131,0,0,2.22045e-15,2.66454e-15
composite,"[25, 25, 25]",-1,105,2,0.1,357,16,267,271,4,0.0112045,0.0182832,0.0178217
composite,"[25, 25, 25]",-1,105,2,0.3,357,16,159,164,5,0.0140056,0.0378784,0.0378784
composite,"[25, 25, 25]",-1,105,2,0.5,357,16,135,138,3,0.00840336,0.0237809,0.0259449
composite,"[25, 25, 25]",-1,105,2,1,357,16,129,130,1,0.00280112,0.0305323,0.0283682
composite,"[25, 25, 25]",-1,105,3,0.1,628,16,401,410,9,0.0143312,0.0205983,0.0263372
composite,"[25, 25, 25]",-1,105,3,0.3,628,16,206,219,13,0.0207006,0.0236211,0.037143
composite,"[25, 25, 25]",-1,105,3,0.5,628,16,174,178,4,0.00636943,0.0232917,0.0235999
composite,"[25, 25, 25]",-1,105,3,1,628,16,154,156,2,0.00318471,0.0123461,0.0101821
composite,"[5, 5, 5, 5, 5]",-1,101,1,0.1,12,16,12,12,0,0,1.9984e-15,1.9984e-15
composite,"[5, 5, 5, 5, 5]",-1,101,1,0.3,12,16,12,12,0,0,1.9984e-15,1.9984e-15
composite,"[5, 5, 5, 5, 5]",-1,101,1,0.5,12,16,12,12,0,0,1.9984e-15,1.9984e-15
composite,"[5, 5, 5, 5, 5]",-1,101,1,1,12,16,12,12,0,0,1.9984e-15,1.9984e-15
composite,"[5, 5, 5, 5, 5]",-1,101,2,0.1,34,16,34,34,0,0,2.44249e-15,2.22045e-15
composite,"[5, 5, 5, 5, 5]",-1,101,2,0.3,34,16,34,34,0,0,2.44249e-15,2.22045e-15
composite,"[5, 5, 5, 5, 5]",-1,101,2,0.5,34,16,30,30,0,0,1.55431e-15,1.77636e-15
composite,"[5, 5, 5, 5, 5]",-1,101,2,1,34,16,21,23,2,0.0588235,0.0943338,0.0900057
composite,"[5, 5, 5, 5, 5]",-1,101,3,0.1,59,16,53,53,0,0,3.9968e-15,3.77476e-15
composite,"[5, 5, 5, 5, 5]",-1,101,3,0.3,59,16,50,50,0,0,2.22045e-15,1.9984e-15
composite,"[5, 5, 5, 5, 5]",-1,101,3,0.5,59,16,35,35,0,0,0.094484,0.094484
composite,"[5, 5, 5, 5, 5]",-1,101,3,1,59,16,17,21,4,0.0677966,0.124858,0.12053
composite,"[5, 5, 5, 5, 5]",-1,101,4,0.1,101,16,80,80,0,0,2.22045e-15,2.22045e-15
composite,"[5, 5, 5, 5, 5]",-1,101,4,0.3,101,16,63,63,0,0,0.00550978,0.00550978
composite,"[5, 5, 5, 5, 5]",-1,101,4,0.5,101,16,50,55,5,0.049505,0.0458588,0.0501869
composite,"[5, 5, 5, 5, 5]",-1,101,4,1,101,16,22,27,5,0.049505,0.0978937,0.0953989
composite,"[5, 5, 5, 5, 5]",-1,101,5,0.1,134,16,105,105,0,0,2.66454e-15,2.66454e-15
composite,"[5, 5, 5, 5, 5]",-1,101,5,0.3,134,16,78,80,2,0.0149254,0.0381755,0.0356124
composite,"[5, 5, 5, 5, 5]",-1,101,5,0.5,134,16,55,59,4,0.0298507,0.0499156,0.0455876
composite,"[5, 5, 5, 5, 5]",-1,101,5,1,134,16,29,33,4,0.0298507,0.0721423,0.0721423
composite,"[5, 5, 5, 5, 5]",-1,102,1,0.1,13,16,13,13,0,0,1.33227e-15,1.11022e-15
composite,"[5, 5, 5, 5, 5]",-1,102,1,0.3,13,16,13,13,0,0,1.33227e-15,1.11022e-15
composite,"[5, 5, 5, 5, 5]",-1,102,1,0.5,13,16,13,13,0,0,1.33227e-15,1.11022e-15
composite,"[5, 5, 5, 5, 5]",-1,102,1,1,13,16,13,13,0,0,1.33227e-15,1.11022e-15
composite,"[5, 5, 5, 5, 5]",-1,102,2,0.1,46,16,45,45,0,0,8.88178e-16,4.44089e-16
composite,"[5, 5, 5, 5, 5]",-1,102,2,0.3,46,16,42,42,0,0,1.55431e-15,1.33227e-15
composite,"[5, 5, 5, 5, 5]",-1,102,2,0.5,46,16,39,40,1,0.0217391,0.0133075,0.0111434
composite,"[5, 5, 5, 5, 5]",-1,102,2,1,46,16,25,27,2,0.0434783,0.0142112,0.0105992
composite,"[5, 5, 5, 5, 5]",-1,102,3,0.1,90,16,88,88,0,0,0,8.88178e-16
composite,"[5, 5, 5, 5, 5]",-1,102,3,0.3,90,16,80,81,1,0.0111111,0.00767155,0.00550751
composite,"[5, 5, 5, 5, 5]",-1,102,3,0.5,90,16,61,62,1,0.0111111,0.0209742,0.0188101
composite,"[5, 5, 5, 5, 5]",-1,102,3,1,90,16,31,35,4,0.0444444,0.120523,0.118359
composite,"[5, 5, 5, 5, 5]",-1,102,4,0.1,119,16,102,103,1,0.00840336,0.00400938,0.00184534
composite,"[5, 5, 5, 5, 5]",-1,102,4,0.3,119,16,77,77,0,0,3.10862e-15,3.55271e-15
composite,"[5, 5, 5, 5, 5]",-1,102,4,0.5,119,16,53,58,5,0.0420168,0.0417267,0.0373986
composite,"[5, 5, 5, 5, 5]",-1,102,4,1,119,16,30,35,5,0.0420168,0.0560106,0.0560106
composite,"[5, 5, 5, 5, 5]",-1,102,5,0.1,140,16,106,106,0,0,2.66454e-15,3.10862e-15
composite,"[5, 5, 5, 5, 5]",-1,102,5,0.3,140,16,68,74,6,0.0428571,0.0492108,0.0414593
composite,"[5, 5, 5, 5, 5]",-1,102,5,0.5,140,16,45,49,4,0.0285714,0.176224,0.176224
composite,"[5, 5, 5, 5, 5]",-1,102,5,1,140,16,22,26,4,0.0285714,0.118231,0.113903
composite,"[5, 5, 5, 5, 5]",-1,103,1,0.1,14,16,14,14,0,0,1.9984e-15,1.9984e-15
composite,"[5, 5, 5, 5, 5]",-1,103,1,0.3,14,16,14,14,0,0,1.9984e-15,1.9984e-15
composite,"[5, 5, 5, 5, 5]",-1,103,1,0.5,14,16,14,14,0,0,1.9984e-15,1.9984e-15
composite,"[5, 5, 5, 5, 5]",-1,103,1,1,14,16,14,14,0,0,1.9984e-15,1.9984e-15
composite,"[5, 5, 5, 5, 5]",-1,103,2,0.1,39,16,35,35,0,0,1.77636e-15,1.77636e-15
composite,"[5, 5, 5, 5, 5]",-1,103,2,0.3,39,16,34,34,0,0,3.33067e-15,3.33067e-15
composite,"[5, 5, 5, 5, 5]",-1,103,2,0.5,39,16,26,27,1,0.025641,0.126972,0.124808
composite,"[5, 5, 5, 5, 5]",-1,103,2,1,39,16,15,18,3,0.0769231,0.0492858,0.0455281
composite,"[5, 5, 5, 5, 5]",-1,103,3,0.1,68,16,60,61,1,0.0147059,2.22045e-15,0.00216404
composite,"[5, 5, 5, 5, 5]",-1,103,3,0.3,68,16,50,52,2,0.0294118,0.126855,0.126442
composite,"[5, 5, 5, 5, 5]",-1,103,3,0.5,68,16,37,39,2,0.0294118,0.0613372,0.0591731
composite,"[5, 5, 5, 5, 5]",-1,103,3,1,68,16,18,21,3,0.0441176,0.138128,0.135964
composite,"[5, 5, 5, 5, 5]",-1,103,4,0.1,96,16,72,73,1,0.0104167,3.55271e-15,0.00216404
composite,"[5, 5, 5, 5, 5]",-1,103,4,0.3,96,16,59,60,1,0.0104167,0.0171662,0.0150021
composite,"[5, 5, 5, 5, 5]",-1,103,4,0.5,96,16,36,38,2,0.0208333,0.135048,0.132884
composite,"[5, 5, 5, 5, 5]",-1,103,4,1,96,16,16,18,2,0.0208333,0.132392,0.130228
composite,"[5, 5, 5, 5, 5]",-1,103,5,0.1,148,16,119,119,0,0,2.66454e-15,2.66454e-15
composite,"[5, 5, 5, 5, 5]",-1,103,5,0.3,148,16,93,96,3,0.0202703,0.00370749,0.00711363
composite,"[5, 5, 5, 5, 5]",-1,103,5,0.5,148,16,65,71,6,0.0405405,0.0824161,0.0715959
composite,"[5, 5, 5, 5, 5]",-1,103,5,1,148,16,31,35,4,0.027027,0.143883,0.136928
composite,"[5, 5, 5, 5, 5]",-1,104,1,0.1,7,16,7,7,0,0,1.9984e-15,1.77636e-15
composite,"[5, 5, 5, 5, 5]",-1,104,1,0.3,7,16,7,7,0,0,1.9984e-15,1.77636e-15
composite,"[5, 5, 5, 5, 5]",-1,104,1,0.5,7,16,7,7,0,0,1.9984e-15,1.77636e-15
composite,"[5, 5, 5, 5, 5]",-1,104,1,1,7,16,7,7,0,0,1.9984e-15,1.77636e-15
composite,"[5, 5, 5, 5, 5]",-1,104,2,0.1,21,16,21,21,0,0,0,0
composite,"[5, 5, 5, 5, 5]",-1,104,2,0.3,21,16,20,20,0,0,1.9984e-15,1.9984e-15
composite,"[5, 5, 5, 5, 5]",-1,104,2,0.5,21,16,19,19,0,0,1.33227e-15,1.33227e-15
composite,"[5, 5, 5, 5, 5]",-1,104,2,1,21,16,11,13,2,0.0952381,0.143286,0.140841
composite,"[5, 5, 5, 5, 5]",-1,104,3,0.1,38,16,37,37,0,0,2.88658e-15,2.66454e-15
composite,"[5, 5, 5, 5, 5]",-1,104,3,0.3,38,16,32,32,0,0,0.0287078,0.0287078
composite,"[5, 5, 5, 5, 5]",-1,104,3,0.5,38,16,23,24,1,0.0263158,0.252697,0.250533
composite,"[5, 5, 5, 5, 5]",-1,104,3,1,38,16,15,15,0,0,0.133302,0.133302
composite,"[5, 5, 5, 5, 5]",-1,104,4,0.1,56,16,55,55,0,0,1.77636e-15,1.77636e-15
composite,"[5, 5, 5, 5, 5]",-1,104,4,0.3,56,16,43,45,2,0.0357143,0.0883768,0.0859854
composite,"[5, 5, 5, 5, 5]",-1,104,4,0.5,56,16,31,34,3,0.0535714,0.078121,0.0759569
composite,"[5, 5, 5, 5, 5]",-1,104,4,1,56,16,16,19,3,0.0535714,0.277211,0.270719
composite,"[5, 5, 5, 5, 5]",-1,104,5,0.1,73,16,69,69,0,0,1.33227e-15,1.77636e-15
composite,"[5, 5, 5, 5, 5]",-1,104,5,0.3,73,16,52,54,2,0.0273973,0.0159569,0.0202114
composite,"[5, 5, 5, 5, 5]",-1,104,5,0.5,73,16,37,40,3,0.0410959,0.0637228,0.0615588
composite,"[5, 5, 5, 5, 5]",-1,104,5,1,73,16,18,22,4,0.0547945,0.246269,0.243005
composite,"[5, 5, 5, 5, 5]",-1,105,1,0.1,11,16,11,11,0,0,1.33227e-15,1.33227e-15
composite,"[5, 5, 5, 5, 5]",-1,105,1,0.3,11,16,11,11,0,0,1.33227e-15,1.33227e-15
composite,"[5, 5, 5, 5, 5]",-1,105,1,0.5,11,16,11,11,0,0,1.33227e-15,1.33227e-15
composite,"[5, 5, 5, 5, 5]",-1,105,1,1,11,16,11,11,0,0,1.33227e-15,1.33227e-15
composite,"[5, 5, 5, 5, 5]",-1,105,2,0.1,14,16,13,13,0,0,6.66134e-16,4.44089e-16
composite,"[5, 5, 5, 5, 5]",-1,105,2,0.3,14,16,9,9,0,0,0.146448,0.146448
composite,"[5, 5, 5, 5, 5]",-1,105,2,0.5,14,16,8,8,0,0,1.9984e-15,1.9984e-15
composite,"[5, 5, 5, 5, 5]",-1,105,2,1,14,16,5,6,1,0.0714286,0.188284,0.18612
composite,"[5, 5, 5, 5, 5]",-1,105,3,0.1,19,16,17,17,0,0,1.33227e-15,1.33227e-15
composite,"[5, 5, 5, 5, 5]",-1,105,3,0.3,19,16,13,13,0,0,0.146448,0.146448
composite,"[5, 5, 5, 5, 5]",-1,105,3,0.5,19,16,12,12,0,0,1.33227e-15,1.33227e-15
composite,"[5, 5, 5, 5, 5]",-1,105,3,1,19,16,8,10,2,0.105263,0.294253,0.289925
composite,"[5, 5, 5, 5, 5]",-1,105,4,0.1,27,16,24,24,0,0,1.33227e-15,1.33227e-15
composite,"[5, 5, 5, 5, 5]",-1,105,4,0.3,27,16,18,18,0,0,0.0102881,0.0102881
composite,"[5, 5, 5, 5, 5]",-1,105,4,0.5,27,16,16,16,0,0,0.0211749,0.0211749
composite,"[5, 5, 5, 5, 5]",-1,105,4,1,27,16,10,13,3,0.111111,0.254197,0.247704
composite,"[5, 5, 5, 5, 5]",-1,105,5,0.1,46,16,35,36,1,0.0217391,0.0434424,0.0412784
composite,"[5, 5, 5, 5, 5]",-1,105,5,0.3,46,16,21,24,3,0.0652174,0.0591276,0.0547995
composite,"[5, 5, 5, 5, 5]",-1,105,5,0.5,46,16,17,19,2,0.0434783,0.0250302,0.0207022
composite,"[5, 5, 5, 5, 5]",-1,105,5,1,46,16,9,11,2,0.0434783,0.0895485,0.0852204
composite,"[5, 5, 5]",-1,101,1,0.1,9,16,9,9,0,0,1.44329e-15,1.33227e-15
composite,"[5, 5, 5]",-1,101,1,0.3,9,16,9,9,0,0,1.44329e-15,1.33227e-15
composite,"[5, 5, 5]",-1,101,1,0.5,9,16,9,9,0,0,1.44329e-15,1.33227e-15
composite,"[5, 5, 5]",-1,101,1,1,9,16,9,9,0,0,1.44329e-15,1.33227e-15
composite,"[5, 5, 5]",-1,101,2,0.1,21,16,21,21,0,0,2.22045e-15,2.88658e-15
composite,"[5, 5, 5]",-1,101,2,0.3,21,16,20,20,0,0,1.77636e-15,1.9984e-15
composite,"[5, 5, 5]",-1,101,2,0.5,21,16,20,20,0,0,1.77636e-15,1.9984e-15
composite,"[5, 5, 5]",-1,101,2,1,21,16,8,11,3,0.142857,0.105086,0.1022
composite,"[5, 5, 5]",-1,101,3,0.1,38,16,36,36,0,0,1.77636e-15,1.77636e-15
composite,"[5, 5, 5]",-1,101,3,0.3,38,16,29,30,1,0.0263158,0.0337313,0.0315673
composite,"[5, 5, 5]",-1,101,3,0.5,38,16,26,26,0,0,1.77636e-15,1.11022e-15
composite,"[5, 5, 5]",-1,101,3,1,38,16,11,15,4,0.105263,0.159985,0.159985
composite,"[5, 5, 5]",-1,102,1,0.1,10,16,10,10,0,0,8.88178e-16,2.22045e-16
composite,"[5, 5, 5]",-1,102,1,0.3,10,16,10,10,0,0,8.88178e-16,2.22045e-16
composite,"[5, 5, 5]",-1,102,1,0.5,10,16,10,10,0,0,8.88178e-16,2.22045e-16
composite,"[5, 5, 5]",-1,102,1,1,10,16,10,10,0,0,8.88178e-16,2.22045e-16
composite,"[5, 5, 5]",-1,102,2,0.1,27,16,27,27,0,0,1.55431e-15,1.55431e-15
composite,"[5, 5, 5]",-1,102,2,0.3,27,16,27,27,0,0,1.55431e-15,1.55431e-15
composite,"[5, 5, 5]",-1,102,2,0.5,27,16,21,22,1,0.037037,0.0648584,0.0626943
composite,"[5, 5, 5]",-1,102,2,1,27,16,12,13,1,0.037037,0.105247,0.103083
composite,"[5, 5, 5]",-1,102,3,0.1,44,16,41,41,0,0,1.33227e-15,1.33227e-15
composite,"[5, 5, 5]",-1,102,3,0.3,44,16,36,36,0,0,0.0996349,0.0996349
composite,"[5, 5, 5]",-1,102,3,0.5,44,16,23,25,2,0.0454545,0.0829626,0.0807985
composite,"[5, 5, 5]",-1,102,3,1,44,16,12,16,4,0.0909091,0.482941,0.474284
composite,"[5, 5, 5]",-1,103,1,0.1,10,16,10,10,0,0,1.9984e-15,1.9984e-15
composite,"[5, 5, 5]",-1,103,1,0.3,10,16,10,10,0,0,1.9984e-15,1.9984e-15
composite,"[5, 5, 5]",-1,103,1,0.5,10,16,10,10,0,0,1.9984e-15,1.9984e-15
composite,"[5, 5, 5]",-1,103,1,1,10,16,10,10,0,0,1.9984e-15,1.9984e-15
composite,"[5, 5, 5]",-1,103,2,0.1,29,16,25,25,0,0,2.88658e-15,2.66454e-15
composite,"[5, 5, 5]",-1,103,2,0.3,29,16,24,24,0,0,1.9984e-15,1.9984e-15
composite,"[5, 5, 5]",-1,103,2,0.5,29,16,19,20,1,0.0344828,0.023549,0.021385
composite,"[5, 5, 5]",-1,103,2,1,29,16,13,14,1,0.0344828,0.106367,0.104202
composite,"[5, 5, 5]",-1,103,3,0.1,61,16,54,54,0,0,2.44249e-15,2.44249e-15
composite,"[5, 5, 5]",-1,103,3,0.3,61,16,40,43,3,0.0491803,0.0741168,0.0719527
composite,"[5, 5, 5]",-1,103,3,0.5,61,16,32,35,3,0.0491803,0.0621939,0.0631477
composite,"[5, 5, 5]",-1,103,3,1,61,16,25,25,0,0,0.021795,0.021795
composite,"[5, 5, 5]",-1,104,1,0.1,15,16,15,15,0,0,1.22125e-15,1.22125e-15
composite,"[5, 5, 5]",-1,104,1,0.3,15,16,15,15,0,0,1.22125e-15,1.22125e-15
composite,"[5, 5, 5]",-1,104,1,0.5,15,16,15,15,0,0,1.22125e-15,1.22125e-15
composite,"[5, 5, 5]",-1,104,1,1,15,16,15,15,0,0,1.22125e-15,1.22125e-15
composite,"[5, 5, 5]",-1,104,2,0.1,55,16,55,55,0,0,2.66454e-15,2.66454e-15
composite,"[5, 5, 5]",-1,104,2,0.3,55,16,49,50,1,0.0181818,2.22045e-15,0.00216404
composite,"[5, 5, 5]",-1,104,2,0.5,55,16,40,42,2,0.0363636,0.0555386,0.0512105
composite,"[5, 5, 5]",-1,104,2,1,55,16,24,27,3,0.0545455,0.0630937,0.0630937
composite,"[5, 5, 5]",-1,104,3,0.1,91,16,81,81,0,0,0,0
composite,"[5, 5, 5]",-1,104,3,0.3,91,16,68,70,2,0.021978,0.0793808,0.0782601
composite,"[5, 5, 5]",-1,104,3,0.5,91,16,45,50,5,0.0549451,0.0410967,0.0421918
composite,"[5, 5, 5]",-1,104,3,1,91,16,20,23,3,0.032967,0.140499,0.144827
composite,"[5, 5, 5]",-1,105,1,0.1,11,16,11,11,0,0,1.33227e-15,1.22125e-15
composite,"[5, 5, 5]",-1,105,1,0.3,11,16,11,11,0,0,1.33227e-15,1.22125e-15
composite,"[5, 5, 5]",-1,105,1,0.5,11,16,11,11,0,0,1.33227e-15,1.22125e-15
composite,"[5, 5, 5]",-1,105,1,1,11,16,11,11,0,0,1.33227e-15,1.22125e-15
composite,"[5, 5, 5]",-1,105,2,0.1,26,16,23,23,0,0,6.66134e-16,6.66134e-16
composite,"[5, 5, 5]",-1,105,2,0.3,26,16,21,21,0,0,3.33067e-15,3.33067e-15
composite,"[5, 5, 5]",-1,105,2,0.5,26,16,17,19,2,0.0769231,0.142314,0.137986
composite,"[5, 5, 5]",-1,105,2,1,26,16,11,13,2,0.0769231,0.067971,0.0636429
composite,"[5, 5, 5]",-1,105,3,0.1,62,16,58,58,0,0,2.66454e-15,3.77476e-15
composite,"[5, 5, 5]",-1,105,3,0.3,62,16,49,50,1,0.016129,0.0297796,0.0296758
composite,"[5, 5, 5]",-1,105,3,0.5,62,16,37,41,4,0.0645161,0.0537679,0.0494
composite,"[5, 5, 5]",-1,105,3,1,62,16,18,21,3,0.0483871,0.175496,0.175496
composite,"[9, 9, 9, 9, 9]",-1,101,1,0.1,30,16,30,30,0,0,3.10862e-15,3.10862e-15
composite,"[9, 9, 9, 9, 9]",-1,101,1,0.3,30,16,30,30,0,0,3.10862e-15,3.10862e-15
composite,"[9, 9, 9, 9, 9]",-1,101,1,0.5,30,16,30,30,0,0,3.10862e-15,3.10862e-15
composite,"[9, 9, 9, 9, 9]",-1,101,1,1,30,16,30,30,0,0,3.10862e-15,3.10862e-15
composite,"[9, 9, 9, 9, 9]",-1,101,2,0.1,85,16,85,85,0,0,2.88658e-15,2.88658e-15
composite,"[9, 9, 9, 9, 9]",-1,101,2,0.3,85,16,71,72,1,0.0117647,0.00918757,0.00702353
composite,"[9, 9, 9, 9, 9]",-1,101,2,0.5,85,16,55,59,4,0.0470588,0.122758,0.118429
composite,"[9, 9, 9, 9, 9]",-1,101,2,1,85,16,25,28,3,0.0352941,0.0462077,0.0455514
composite,"[9, 9, 9, 9, 9]",-1,101,3,0.1,142,16,130,130,0,0,3.9968e-15,3.9968e-15
composite,"[9, 9, 9, 9, 9]",-1,101,3,0.3,142,16,94,98,4,0.028169,0.0175718,0.0143221
composite,"[9, 9, 9, 9, 9]",-1,101,3,0.5,142,16,61,68,7,0.0492958,0.0216428,0.0165851
composite,"[9, 9, 9, 9, 9]",-1,101,3,1,142,16,26,31,5,0.0352113,0.185761,0.181433
composite,"[9, 9, 9, 9, 9]",-1,101,4,0.1,200,16,183,183,0,0,3.9968e-15,4.21885e-15
composite,"[9, 9, 9, 9, 9]",-1,101,4,0.3,200,16,126,130,4,0.02,0.0267116,0.0259333
composite,"[9, 9, 9, 9, 9]",-1,101,4,0.5,200,16,70,77,7,0.035,0.0700754,0.0575882
composite,"[9, 9, 9, 9, 9]",-1,101,4,1,200,16,27,31,4,0.02,0.146016,0.141688
composite,"[9, 9, 9, 9, 9]",-1,101,5,0.1,270,16,244,246,2,0.00740741,0.000854753,0.0038927
composite,"[9, 9, 9, 9, 9]",-1,101,5,0.3,270,16,149,155,6,0.0222222,0.0262635,0.0171953
composite,"[9, 9, 9, 9, 9]",-1,101,5,0.5,270,16,92,99,7,0.0259259,0.0801024,0.0844305
composite,"[9, 9, 9, 9, 9]",-1,101,5,1,270,16,37,43,6,0.0222222,0.147489,0.151817
composite,"[9, 9, 9, 9, 9]",-1,102,1,0.1,33,16,33,33,0,0,1.9984e-15,1.9984e-15
composite,"[9, 9, 9, 9, 9]",-1,102,1,0.3,33,16,33,33,0,0,1.9984e-15,1.9984e-15
composite,"[9, 9, 9, 9, 9]",-1,102,1,0.5,33,16,33,33,0,0,1.9984e-15,1.9984e-15
composite,"[9, 9, 9, 9, 9]",-1,102,1,1,33,16,33,33,0,0,1.9984e-15,1.9984e-15
composite,"[9, 9, 9, 9, 9]",-1,102,2,0.1,106,16,106,106,0,0,2.66454e-15,2.88658e-15
composite,"[9, 9, 9, 9, 9]",-1,102,2,0.3,106,16,102,102,0,0,3.9968e-15,3.9968e-15
composite,"[9, 9, 9, 9, 9]",-1,102,2,0.5,106,16,75,79,4,0.0377358,0.0208466,0.0173494
composite,"[9, 9, 9, 9, 9]",-1,102,2,1,106,16,44,49,5,0.0471698,0.114865,0.110537
composite,"[9, 9, 9, 9, 9]",-1,102,3,0.1,181,16,178,178,0,0,2.22045e-15,2.66454e-15
composite,"[9, 9, 9, 9, 9]",-1,102,3,0.3,181,16,134,137,3,0.0165746,0.012898,0.0147572
composite,"[9, 9, 9, 9, 9]",-1,102,3,0.5,181,16,81,89,8,0.0441989,0.0426997,0.0457279
composite,"[9, 9, 9, 9, 9]",-1,102,3,1,181,16,34,38,4,0.0220994,0.144098,0.144098
composite,"[9, 9, 9, 9, 9]",-1,102,4,0.1,266,16,247,249,2,0.0075188,0.00113233,0.00537802
composite,"[9, 9, 9, 9, 9]",-1,102,4,0.3,266,16,142,148,6,0.0225564,0.00975027,0.0155413
composite,"[9, 9, 9, 9, 9]",-1,102,4,0.5,266,16,87,94,7,0.0263158,0.099016,0.102169
composite,"[9, 9, 9, 9, 9]",-1,102,4,1,266,16,32,37,5,0.018797,0.242987,0.240823
composite,"[9, 9, 9, 9, 9]",-1,102,5,0.1,336,16,289,292,3,0.00892857,0.00497518,0.00760185
composite,"[9, 9, 9, 9, 9]",-1,102,5,0.3,336,16,157,166,9,0.0267857,0.0163343,0.0183597
composite,"[9, 9, 9, 9, 9]",-1,102,5,0.5,336,16,95,104,9,0.0267857,0.0357481,0.0306035
composite,"[9, 9, 9, 9, 9]",-1,102,5,1,336,16,34,40,6,0.0178571,0.143788,0.140658
composite,"[9, 9, 9, 9, 9]",-1,103,1,0.1,29,16,29,29,0,0,2.88658e-15,2.66454e-15
composite,"[9, 9, 9, 9, 9]",-1,103,1,0.3,29,16,29,29,0,0,2.88658e-15,2.66454e-15
composite,"[9, 9, 9, 9, 9]",-1,103,1,0.5,29,16,29,29,0,0,2.88658e-15,2.66454e-15
composite,"[9, 9, 9, 9, 9]",-1,103,1,1,29,16,29,29,0,0,2.88658e-15,2.66454e-15
composite,"[9, 9, 9, 9, 9]",-1,103,2,0.1,61,16,60,60,0,0,2.44249e-15,2.66454e-15
composite,"[9, 9, 9, 9, 9]",-1,103,2,0.3,61,16,38,40,2,0.0327869,0.146201,0.148365
composite,"[9, 9, 9, 9, 9]",-1,103,2,0.5,61,16,18,23,5,0.0819672,0.15209,0.145598
composite,"[9, 9, 9, 9, 9]",-1,103,2,1,61,16,12,13,1,0.0163934,0.131897,0.130318
composite,"[9, 9, 9, 9, 9]",-1,103,3,0.1,97,16,84,86,2,0.0206186,0.0169707,0.014038
composite,"[9, 9, 9, 9, 9]",-1,103,3,0.3,97,16,45,49,4,0.0412371,0.138909,0.134806
composite,"[9, 9, 9, 9, 9]",-1,103,3,0.5,97,16,30,35,5,0.0515464,0.142399,0.144563
composite,"[9, 9, 9, 9, 9]",-1,103,3,1,97,16,17,19,2,0.0206186,0.045923,0.0446185
composite,"[9, 9, 9, 9, 9]",-1,103,4,0.1,140,16,126,126,0,0,3.10862e-15,2.88658e-15
composite,"[9, 9, 9, 9, 9]",-1,103,4,0.3,140,16,78,83,5,0.0357143,0.0446238,0.0432523
composite,"[9, 9, 9, 9, 9]",-1,103,4,0.5,140,16,55,59,4,0.0285714,0.131874,0.12971
composite,"[9, 9, 9, 9, 9]",-1,103,4,1,140,16,26,30,4,0.0285714,0.223664,0.217172
composite,"[9, 9, 9, 9, 9]",-1,103,5,0.1,222,16,198,198,0,0,2.22045e-15,1.55431e-15
composite,"[9, 9, 9, 9, 9]",-1,103,5,0.3,222,16,108,115,7,0.0315315,0.0227328,0.0266743
composite,"[9, 9, 9, 9, 9]",-1,103,5,0.5,222,16,70,75,5,0.0225225,0.0506312,0.0518012
composite,"[9, 9, 9, 9, 9]",-1,103,5,1,222,16,35,40,5,0.0225225,0.121845,0.117352
composite,"[9, 9, 9, 9, 9]",-1,104,1,0.1,32,16,32,32,0,0,1.11022e-15,1.33227e-15
composite,"[9, 9, 9, 9, 9]",-1,104,1,0.3,32,16,32,32,0,0,1.11022e-15,1.33227e-15
composite,"[9, 9, 9, 9, 9]",-1,104,1,0.5,32,16,32,32,0,0,1.11022e-15,1.33227e-15
composite,"[9, 9, 9, 9, 9]",-1,104,1,1,32,16,32,32,0,0,1.11022e-15,1.33227e-15
composite,"[9, 9, 9, 9, 9]",-1,104,2,0.1,96,16,95,95,0,0,2.66454e-15,2.66454e-15
composite,"[9, 9, 9, 9, 9]",-1,104,2,0.3,96,16,81,83,2,0.0208333,0.0362432,0.0339958
composite,"[9, 9, 9, 9, 9]",-1,104,2,0.5,96,16,57,61,4,0.0416667,0.042521,0.040357
composite,"[9, 9, 9, 9, 9]",-1,104,2,1,96,16,33,35,2,0.0208333,0.0413745,0.0370464
composite,"[9, 9, 9, 9, 9]",-1,104,3,0.1,146,16,132,132,0,0,2.22045e-15,1.11022e-15
composite,"[9, 9, 9, 9, 9]",-1,104,3,0.3,146,16,86,86,0,0,0.056167,0.056167
composite,"[9, 9, 9, 9, 9]",-1,104,3,0.5,146,16,49,54,5,0.0342466,0.0811083,0.0854364
composite,"[9, 9, 9, 9, 9]",-1,104,3,1,146,16,19,22,3,0.0205479,0.0990122,0.0968481
composite,"[9, 9, 9, 9, 9]",-1,104,4,0.1,220,16,187,189,2,0.00909091,0.000967534,0.00424777
composite,"[9, 9, 9, 9, 9]",-1,104,4,0.3,220,16,116,121,5,0.0227273,0.0274276,0.0280339
composite,"[9, 9, 9, 9, 9]",-1,104,4,0.5,220,16,79,83,4,0.0181818,0.0805988,0.0805988
composite,"[9, 9, 9, 9, 9]",-1,104,4,1,220,16,34,40,6,0.0272727,0.143362,0.13687
composite,"[9, 9, 9, 9, 9]",-1,104,5,0.1,288,16,228,231,3,0.0104167,0.00255412,0.00621585
composite,"[9, 9, 9, 9, 9]",-1,104,5,0.3,288,16,129,135,6,0.0208333,0.0461126,0.0439485
composite,"[9, 9, 9, 9, 9]",-1,104,5,0.5,288,16,81,89,8,0.0277778,0.0448381,0.0410017
composite,"[9, 9, 9, 9, 9]",-1,104,5,1,288,16,35,40,5,0.0173611,0.119986,0.120149
composite,"[9, 9, 9, 9, 9]",-1,105,1,0.1,32,16,32,32,0,0,2.88658e-15,2.66454e-15
composite,"[9, 9, 9, 9, 9]",-1,105,1,0.3,32,16,32,32,0,0,2.88658e-15,2.66454e-15
composite,"[9, 9, 9, 9, 9]",-1,105,1,0.5,32,16,32,32,0,0,2.88658e-15,2.66454e-15
composite,"[9, 9, 9, 9, 9]",-1,105,1,1,32,16,32,32,0,0,2.88658e-15,2.66454e-15
composite,"[9, 9, 9, 9, 9]",-1,105,2,0.1,88,16,81,82,1,0.0113636,0.026799,0.024635
composite,"[9, 9, 9, 9, 9]",-1,105,2,0.3,88,16,62,65,3,0.0340909,0.0285409,0.0227742
composite,"[9, 9, 9, 9, 9]",-1,105,2,0.5,88,16,45,48,3,0.0340909,0.09369,0.0905904
composite,"[9, 9, 9, 9, 9]",-1,105,2,1,88,16,31,35,4,0.0454545,0.0822178,0.0794903
composite,"[9, 9, 9, 9, 9]",-1,105,3,0.1,187,16,166,166,0,0,2.66454e-15,2.66454e-15
composite,"[9, 9, 9, 9, 9]",-1,105,3,0.3,187,16,113,115,2,0.0106952,0.0048877,0.0088504
composite,"[9, 9, 9, 9, 9]",-1,105,3,0.5,187,16,75,84,9,0.0481283,0.0272084,0.0278566
composite,"[9, 9, 9, 9, 9]",-1,105,3,1,187,16,44,48,4,0.0213904,0.174171,0.167679
composite,"[9, 9, 9, 9, 9]",-1,105,4,0.1,250,16,214,217,3,0.012,0.0209656,0.0231297
composite,"[9, 9, 9, 9, 9]",-1,105,4,0.3,250,16,129,134,5,0.02,0.0229347,0.0266846
composite,"[9, 9, 9, 9, 9]",-1,105,4,0.5,250,16,83,92,9,0.036,0.0679688,0.0701328
composite,"[9, 9, 9, 9, 9]",-1,105,4,1,250,16,47,52,5,0.02,0.0843727,0.0800446
composite,"[9, 9, 9, 9, 9]",-1,105,5,0.1,355,16,288,294,6,0.0169014,0.00709448,0.0125778
composite,"[9, 9, 9, 9, 9]",-1,105,5,0.3,355,16,184,191,7,0.0197183,0.00566151,0.0166405
composite,"[9, 9, 9, 9, 9]",-1,105,5,0.5,355,16,122,128,6,0.0169014,0.0487128,0.0552279
composite,"[9, 9, 9, 9, 9]",-1,105,5,1,355,16,72,79,7,0.0197183,0.0709245,0.0709245
composite,"[9, 9, 9]",-1,101,1,0.1,32,16,32,32,0,0,1.9984e-15,1.9984e-15
composite,"[9, 9, 9]",-1,101,1,0.3,32,16,32,32,0,0,1.9984e-15,1.9984e-15
composite,"[9, 9, 9]",-1,101,1,0.5,32,16,32,32,0,0,1.9984e-15,1.9984e-15
composite,"[9, 9, 9]",-1,101,1,1,32,16,32,32,0,0,1.9984e-15,1.9984e-15
composite,"[9, 9, 9]",-1,101,2,0.1,95,16,94,94,0,0,1.33227e-15,1.33227e-15
composite,"[9, 9, 9]",-1,101,2,0.3,95,16,75,76,1,0.0105263,0.00378519,0.00268996
composite,"[9, 9, 9]",-1,101,2,0.5,95,16,56,59,3,0.0315789,0.0757044,0.0692122
composite,"[9, 9, 9]",-1,101,2,1,95,16,35,37,2,0.0210526,0.102392,0.100228
composite,"[9, 9, 9]",-1,101,3,0.1,122,16,103,104,1,0.00819672,2.66454e-15,0.00216404
composite,"[9, 9, 9]",-1,101,3,0.3,122,16,59,63,4,0.0327869,0.104415,0.0957591
composite,"[9, 9, 9]",-1,101,3,0.5,122,16,38,45,7,0.057377,0.10794,0.0989636
composite,"[9, 9, 9]",-1,101,3,1,122,16,18,21,3,0.0245902,0.109138,0.106974
composite,"[9, 9, 9]",-1,102,1,0.1,28,16,28,28,0,0,1.11022e-15,1.11022e-15
composite,"[9, 9, 9]",-1,102,1,0.3,28,16,28,28,0,0,1.11022e-15,1.11022e-15
composite,"[9, 9, 9]",-1,102,1,0.5,28,16,28,28,0,0,1.11022e-15,1.11022e-15
composite,"[9, 9, 9]",-1,102,1,1,28,16,28,28,0,0,1.11022e-15,1.11022e-15
composite,"[9, 9, 9]",-1,102,2,0.1,69,16,55,55,0,0,2.22045e-15,1.9984e-15
composite,"[9, 9, 9]",-1,102,2,0.3,69,16,46,46,0,0,2.66454e-15,2.88658e-15
composite,"[9, 9, 9]",-1,102,2,0.5,69,16,35,35,0,0,0.162869,0.162869
composite,"[9, 9, 9]",-1,102,2,1,69,16,21,24,3,0.0434783,0.0855946,0.0828395
composite,"[9, 9, 9]",-1,102,3,0.1,133,16,106,107,1,0.0075188,0.0139932,0.0118291
composite,"[9, 9, 9]",-1,102,3,0.3,133,16,72,75,3,0.0225564,0.0325653,0.0282373
composite,"[9, 9, 9]",-1,102,3,0.5,133,16,59,62,3,0.0225564,0.100933,0.0944406
composite,"[9, 9, 9]",-1,102,3,1,133,16,30,34,4,0.0300752,0.214557,0.208065
composite,"[9, 9, 9]",-1,103,1,0.1,20,16,20,20,0,0,1.55431e-15,1.33227e-15
composite,"[9, 9, 9]",-1,103,1,0.3,20,16,20,20,0,0,1.55431e-15,1.33227e-15
composite,"[9, 9, 9]",-1,103,1,0.5,20,16,20,20,0,0,1.55431e-15,1.33227e-15
composite,"[9, 9, 9]",-1,103,1,1,20,16,20,20,0,0,1.55431e-15,1.33227e-15
composite,"[9, 9, 9]",-1,103,2,0.1,57,16,57,57,0,0,2.88658e-15,2.66454e-15
composite,"[9, 9, 9]",-1,103,2,0.3,57,16,44,46,2,0.0350877,0.00342158,0.00360796
composite,"[9, 9, 9]",-1,103,2,0.5,57,16,27,29,2,0.0350877,0.092156,0.0878279
composite,"[9, 9, 9]",-1,103,2,1,57,16,17,19,2,0.0350877,0.130623,0.126294
composite,"[9, 9, 9]",-1,103,3,0.1,121,16,101,103,2,0.0165289,0.0179181,0.0154698
composite,"[9, 9, 9]",-1,103,3,0.3,121,16,67,70,3,0.0247934,0.0479344,0.0477363
composite,"[9, 9, 9]",-1,103,3,0.5,121,16,49,53,4,0.0330579,0.0419802,0.0376521
composite,"[9, 9, 9]",-1,103,3,1,121,16,28,33,5,0.0413223,0.130607,0.128443
composite,"[9, 9, 9]",-1,104,1,0.1,28,16,28,28,0,0,1.77636e-15,1.77636e-15
composite,"[9, 9, 9]",-1,104,1,0.3,28,16,28,28,0,0,1.77636e-15,1.77636e-15
composite,"[9, 9, 9]",-1,104,1,0.5,28,16,28,28,0,0,1.77636e-15,1.77636e-15
composite,"[9, 9, 9]",-1,104,1,1,28,16,28,28,0,0,1.77636e-15,1.77636e-15
composite,"[9, 9, 9]",-1,104,2,0.1,83,16,75,75,0,0,2.22045e-15,2.88658e-15
composite,"[9, 9, 9]",-1,104,2,0.3,83,16,67,68,1,0.0120482,0.0147666,0.0126025
composite,"[9, 9, 9]",-1,104,2,0.5,83,16,49,51,2,0.0240964,0.0529264,0.0539604
composite,"[9, 9, 9]",-1,104,2,1,83,16,26,32,6,0.0722892,0.163086,0.163086
composite,"[9, 9, 9]",-1,104,3,0.1,162,16,140,145,5,0.0308642,0.0264529,0.0280593
composite,"[9, 9, 9]",-1,104,3,0.3,162,16,94,98,4,0.0246914,0.0242327,0.017309
composite,"[9, 9, 9]",-1,104,3,0.5,162,16,68,74,6,0.037037,0.0485933,0.0481305
composite,"[9, 9, 9]",-1,104,3,1,162,16,34,38,4,0.0246914,0.184221,0.179893
composite,"[9, 9, 9]",-1,105,1,0.1,19,16,19,19,0,0,1.9984e-15,1.9984e-15
composite,"[9, 9, 9]",-1,105,1,0.3,19,16,19,19,0,0,1.9984e-15,1.9984e-15
composite,"[9, 9, 9]",-1,105,1,0.5,19,16,19,19,0,0,1.9984e-15,1.9984e-15
composite,"[9, 9, 9]",-1,105,1,1,19,16,19,19,0,0,1.9984e-15,1.9984e-15
composite,"[9, 9, 9]",-1,105,2,0.1,45,16,43,43,0,0,2.66454e-15,2.66454e-15
composite,"[9, 9, 9]",-1,105,2,0.3,45,16,34,34,0,0,2.66454e-15,2.88658e-15
composite,"[9, 9, 9]",-1,105,2,0.5,45,16,21,24,3,0.0666667,0.0902774,0.0837853
composite,"[9, 9, 9]",-1,105,2,1,45,16,12,14,2,0.0444444,0.175378,0.17105
composite,"[9, 9, 9]",-1,105,3,0.1,104,16,98,98,0,0,4.44089e-16,6.66134e-16
composite,"[9, 9, 9]",-1,105,3,0.3,104,16,72,74,2,0.0192308,0.00968112,0.00968112
composite,"[9, 9, 9]",-1,105,3,0.5,104,16,52,56,4,0.0384615,0.107919,0.101427
composite,"[9, 9, 9]",-1,105,3,1,104,16,24,28,4,0.0384615,0.106797,0.106797
mnist,"[15, 15, 15]",2,101,1,0.1,74,16,74,74,0,0,1.33227e-15,1.33227e-15
mnist,"[15, 15, 15]",2,101,1,0.3,74,16,74,74,0,0,1.33227e-15,1.33227e-15
mnist,"[15, 15, 15]",2,101,1,0.5,74,16,74,74,0,0,1.33227e-15,1.33227e-15
mnist,"[15, 15, 15]",2,101,1,1,74,16,74,74,0,0,1.33227e-15,1.33227e-15
mnist,"[15, 15, 15]",2,101,2,0.1,255,16,229,229,0,0,2.66454e-15,2.44249e-15
mnist,"[15, 15, 15]",2,101,2,0.3,255,16,152,157,5,0.0196078,0.0112335,0.00898498
mnist,"[15, 15, 15]",2,101,2,0.5,255,16,102,111,9,0.0352941,0.0465184,0.0445707
mnist,"[15, 15, 15]",2,101,2,1,255,16,85,87,2,0.00784314,0.00259416,0.00203252
mnist,"[15, 15, 15]",2,101,3,0.1,547,16,478,480,2,0.00365631,0.00215818,0.00172118
mnist,"[15, 15, 15]",2,101,3,0.3,547,16,221,232,11,0.0201097,0.0135955,0.0100852
mnist,"[15, 15, 15]",2,101,3,0.5,547,16,133,143,10,0.0182815,0.0208799,0.0181726
mnist,"[15, 15, 15]",2,101,3,1,547,16,92,95,3,0.00548446,0.00838892,0.00794816
mnist,"[15, 15, 15]",2,102,1,0.1,66,16,66,66,0,0,1.11022e-15,1.33227e-15
mnist,"[15, 15, 15]",2,102,1,0.3,66,16,66,66,0,0,1.11022e-15,1.33227e-15
mnist,"[15, 15, 15]",2,102,1,0.5,66,16,66,66,0,0,1.11022e-15,1.33227e-15
mnist,"[15, 15, 15]",2,102,1,1,66,16,66,66,0,0,1.11022e-15,1.33227e-15
mnist,"[15, 15, 15]",2,102,2,0.1,186,16,156,157,1,0.00537634,7.45841e-05,0.000649193
mnist,"[15, 15, 15]",2,102,2,0.3,186,16,91,95,4,0.0215054,0.00165948,0.00136015
mnist,"[15, 15, 15]",2,102,2,0.5,186,16,56,61,5,0.0268817,0.0181448,0.0205443
mnist,"[15, 15, 15]",2,102,2,1,186,16,45,47,2,0.0107527,0.0279389,0.0273695
mnist,"[15, 15, 15]",2,102,3,0.1,376,16,285,287,2,0.00531915,0.00268195,0.00219988
mnist,"[15, 15, 15]",2,102,3,0.3,376,16,142,149,7,0.018617,0.0130857,0.0103738
mnist,"[15, 15, 15]",2,102,3,0.5,376,16,96,102,6,0.0159574,0.0449806,0.0469282
mnist,"[15, 15, 15]",2,102,3,1,376,16,63,68,5,0.0132979,0.0796054,0.0799461
mnist,"[15, 15, 15]",2,103,1,0.1,77,16,77,77,0,0,3.77476e-15,3.55271e-15
mnist,"[15, 15, 15]",2,103,1,0.3,77,16,77,77,0,0,3.77476e-15,3.55271e-15
mnist,"[15, 15, 15]",2,103,1,0.5,77,16,77,77,0,0,3.77476e-15,3.55271e-15
mnist,"[15, 15, 15]",2,103,1,1,77,16,77,77,0,0,3.77476e-15,3.55271e-15
mnist,"[15, 15, 15]",2,103,2,0.1,231,16,226,226,0,0,3.9968e-15,3.9968e-15
mnist,"[15, 15, 15]",2,103,2,0.3,231,16,145,150,5,0.021645,0.0170325,0.0150848
mnist,"[15, 15, 15]",2,103,2,0.5,231,16,75,86,11,0.047619,0.0559578,0.053361
mnist,"[15, 15, 15]",2,103,2,1,231,16,51,52,1,0.004329,0.0210477,0.0203984
mnist,"[15, 15, 15]",2,103,3,0.1,492,16,456,456,0,0,0,0
mnist,"[15, 15, 15]",2,103,3,0.3,492,16,247,254,7,0.0142276,0.0111037,0.0108934
mnist,"[15, 15, 15]",2,103,3,0.5,492,16,135,145,10,0.0203252,0.0111979,0.0111979
mnist,"[15, 15, 15]",2,103,3,1,492,16,84,88,4,0.00813008,0.0194648,0.0188396
mnist,"[15, 15, 15]",2,104,1,0.1,70,16,70,70,0,0,2.66454e-15,2.66454e-15
mnist,"[15, 15, 15]",2,104,1,0.3,70,16,70,70,0,0,2.66454e-15,2.66454e-15
mnist,"[15, 15, 15]",2,104,1,0.5,70,16,70,70,0,0,2.66454e-15,2.66454e-15
mnist,"[15, 15, 15]",2,104,1,1,70,16,70,70,0,0,2.66454e-15,2.66454e-15
mnist,"[15, 15, 15]",2,104,2,0.1,229,16,219,219,0,0,3.9968e-15,3.9968e-15
mnist,"[15, 15, 15]",2,104,2,0.3,229,16,137,141,4,0.0174672,0.0122466,0.0115974
mnist,"[15, 15, 15]",2,104,2,0.5,229,16,94,101,7,0.0305677,0.0411028,0.0411028
mnist,"[15, 15, 15]",2,104,2,1,229,16,60,63,3,0.0131004,0.0546591,0.0533607
mnist,"[15, 15, 15]",2,104,3,0.1,495,16,396,402,6,0.0121212,0.0021318,0.00441238
mnist,"[15, 15, 15]",2,104,3,0.3,495,16,224,230,6,0.0121212,0.00832168,0.00687466
mnist,"[15, 15, 15]",2,104,3,0.5,495,16,147,154,7,0.0141414,0.0214487,0.0227471
mnist,"[15, 15, 15]",2,104,3,1,495,16,83,88,5,0.010101,0.0085577,0.00810389
mnist,"[15, 15, 15]",2,105,1,0.1,69,16,69,69,0,0,2.44249e-15,2.44249e-15
mnist,"[15, 15, 15]",2,105,1,0.3,69,16,69,69,0,0,2.44249e-15,2.44249e-15
mnist,"[15, 15, 15]",2,105,1,0.5,69,16,69,69,0,0,2.44249e-15,2.44249e-15
mnist,"[15, 15, 15]",2,105,1,1,69,16,69,69,0,0,2.44249e-15,2.44249e-15
mnist,"[15, 15, 15]",2,105,2,0.1,235,16,224,224,0,0,0,0
mnist,"[15, 15, 15]",2,105,2,0.3,235,16,113,119,6,0.0255319,0.0193432,0.0179296
mnist,"[15, 15, 15]",2,105,2,0.5,235,16,72,78,6,0.0255319,0.013484,0.0141754
mnist,"[15, 15, 15]",2,105,2,1,235,16,61,61,0,0,1.33227e-15,1.33227e-15
mnist,"[15, 15, 15]",2,105,3,0.1,532,16,467,470,3,0.0056391,0.00285105,0.00151305
mnist,"[15, 15, 15]",2,105,3,0.3,532,16,261,271,10,0.018797,0.00798611,0.00606359
mnist,"[15, 15, 15]",2,105,3,0.5,532,16,147,157,10,0.018797,0.00765797,0.00765797
mnist,"[15, 15, 15]",2,105,3,1,532,16,87,89,2,0.0037594,0.00237354,0.00167361
mnist,"[15, 15, 15]",3,101,1,0.1,159,16,159,159,0,0,2.88658e-15,2.66454e-15
mnist,"[15, 15, 15]",3,101,1,0.3,159,16,159,159,0,0,2.88658e-15,2.66454e-15
mnist,"[15, 15, 15]",3,101,1,0.5,159,16,159,159,0,0,2.88658e-15,2.66454e-15
mnist,"[15, 15, 15]",3,101,1,1,159,16,159,159,0,0,2.88658e-15,2.66454e-15
mnist,"[15, 15, 15]",3,101,2,0.1,679,16,646,646,0,0,4.88498e-15,5.10703e-15
mnist,"[15, 15, 15]",3,101,2,0.3,679,16,360,373,13,0.0191458,0.0110227,0.00998563
mnist,"[15, 15, 15]",3,101,2,0.5,679,16,193,207,14,0.0206186,0.0498864,0.0472895
mnist,"[15, 15, 15]",3,101,2,1,679,16,111,114,3,0.00441826,0.0332992,0.0320008
mnist,"[15, 15, 15]",3,101,3,0.1,1624,16,1528,1531,3,0.00184729,0.00120817,0.00183799
mnist,"[15, 15, 15]",3,101,3,0.3,1624,16,833,852,19,0.0116995,0.0129349,0.016849
mnist,"[15, 15, 15]",3,101,3,0.5,1624,16,431,454,23,0.0141626,0.0217322,0.0116968
mnist,"[15, 15, 15]",3,101,3,1,1624,16,168,180,12,0.00738916,0.017683,0.0160715
mnist,"[15, 15, 15]",3,102,1,0.1,166,16,166,166,0,0,3.9968e-15,3.9968e-15
mnist,"[15, 15, 15]",3,102,1,0.3,166,16,166,166,0,0,3.9968e-15,3.9968e-15
mnist,"[15, 15, 15]",3,102,1,0.5,166,16,166,166,0,0,3.9968e-15,3.9968e-15
mnist,"[15, 15, 15]",3,102,1,1,166,16,166,166,0,0,3.9968e-15,3.9968e-15
mnist,"[15, 15, 15]",3,102,2,0.1,749,16,742,742,0,0,3.77476e-15,3.9968e-15
mnist,"[15, 15, 15]",3,102,2,0.3,749,16,373,382,9,0.012016,0.0124917,0.00946672
mnist,"[15, 15, 15]",3,102,2,0.5,749,16,215,228,13,0.0173565,0.0128329,0.0111631
mnist,"[15, 15, 15]",3,102,2,1,749,16,144,146,2,0.00267023,0.0014132,0.000576116
mnist,"[15, 15, 15]",3,102,3,0.1,1885,16,1708,1713,5,0.00265252,0.00129135,0.00276063
mnist,"[15, 15, 15]",3,102,3,0.3,1885,16,889,904,15,0.00795756,0.0126641,0.011586
mnist,"[15, 15, 15]",3,102,3,0.5,1885,16,489,516,27,0.0143236,0.0283597,0.0205692
mnist,"[15, 15, 15]",3,102,3,1,1885,16,191,202,11,0.00583554,0.0176987,0.0151018
mnist,"[15, 15, 15]",3,103,1,0.1,188,16,188,188,0,0,3.77476e-15,3.77476e-15
mnist,"[15, 15, 15]",3,103,1,0.3,188,16,188,188,0,0,3.77476e-15,3.77476e-15
mnist,"[15, 15, 15]",3,103,1,0.5,188,16,188,188,0,0,3.77476e-15,3.77476e-15
mnist,"[15, 15, 15]",3,103,1,1,188,16,188,188,0,0,3.77476e-15,3.77476e-15
mnist,"[15, 15, 15]",3,103,2,0.1,974,16,945,945,0,0,2.44249e-15,2.44249e-15
mnist,"[15, 15, 15]",3,103,2,0.3,974,16,543,558,15,0.0154004,0.0136626,0.0112065
mnist,"[15, 15, 15]",3,103,2,0.5,974,16,315,332,17,0.0174538,0.0192539,0.0179555
mnist,"[15, 15, 15]",3,103,2,1,974,16,196,202,6,0.00616016,0.00840325,0.00591811
mnist,"[15, 15, 15]",3,103,3,0.1,1871,16,1739,1742,3,0.00160342,0.0014105,0.00117247
mnist,"[15, 15, 15]",3,103,3,0.3,1871,16,819,851,32,0.0171032,0.014383,0.0118474
mnist,"[15, 15, 15]",3,103,3,0.5,1871,16,368,390,22,0.0117584,0.0242157,0.019898
mnist,"[15, 15, 15]",3,103,3,1,1871,16,123,130,7,0.00374131,0.0368459,0.0381443
mnist,"[15, 15, 15]",3,104,1,0.1,249,16,249,249,0,0,2.66454e-15,2.66454e-15
mnist,"[15, 15, 15]",3,104,1,0.3,249,16,249,249,0,0,2.66454e-15,2.66454e-15
mnist,"[15, 15, 15]",3,104,1,0.5,249,16,249,249,0,0,2.66454e-15,2.66454e-15
mnist,"[15, 15, 15]",3,104,1,1,249,16,249,249,0,0,2.66454e-15,2.66454e-15
mnist,"[15, 15, 15]",3,104,2,0.1,1100,16,1076,1076,0,0,1.33227e-15,1.11022e-15
mnist,"[15, 15, 15]",3,104,2,0.3,1100,16,658,670,12,0.0109091,0.00784146,0.00632025
mnist,"[15, 15, 15]",3,104,2,0.5,1100,16,345,364,19,0.0172727,0.0276248,0.0256772
mnist,"[15, 15, 15]",3,104,2,1,1100,16,181,187,6,0.00545455,0.0227775,0.0245209
mnist,"[15, 15, 15]",3,104,3,0.1,2203,16,2033,2035,2,0.000907853,0.000289795,0.00123739
mnist,"[15, 15, 15]",3,104,3,0.3,2203,16,973,1003,30,0.0136178,0.0150865,0.0148919
mnist,"[15, 15, 15]",3,104,3,0.5,2203,16,488,511,23,0.0104403,0.0215343,0.0222113
mnist,"[15, 15, 15]",3,104,3,1,2203,16,182,193,11,0.00499319,0.0263263,0.0230802
mnist,"[15, 15, 15]",3,105,1,0.1,217,16,217,217,0,0,2.88658e-15,2.66454e-15
mnist,"[15, 15, 15]",3,105,1,0.3,217,16,217,217,0,0,2.88658e-15,2.66454e-15
mnist,"[15, 15, 15]",3,105,1,0.5,217,16,217,217,0,0,2.88658e-15,2.66454e-15
mnist,"[15, 15, 15]",3,105,1,1,217,16,217,217,0,0,2.88658e-15,2.66454e-15
mnist,"[15, 15, 15]",3,105,2,0.1,928,16,913,914,1,0.00107759,0.000335585,0.000483867
mnist,"[15, 15, 15]",3,105,2,0.3,928,16,516,529,13,0.0140086,0.0146346,0.0159776
mnist,"[15, 15, 15]",3,105,2,0.5,928,16,284,301,17,0.018319,0.0365818,0.0385294
mnist,"[15, 15, 15]",3,105,2,1,928,16,149,154,5,0.00538793,0.0147592,0.013128
mnist,"[15, 15, 15]",3,105,3,0.1,2186,16,2008,2016,8,0.00365965,0.00255552,0.00366128
mnist,"[15, 15, 15]",3,105,3,0.3,2186,16,1052,1076,24,0.010979,0.0129474,0.0120399
mnist,"[15, 15, 15]",3,105,3,0.5,2186,16,481,501,20,0.00914913,0.0185675,0.0226552
mnist,"[15, 15, 15]",3,105,3,1,2186,16,215,225,10,0.00457457,0.0311017,0.0324002
mnist,"[15, 15, 15]",4,101,1,0.1,278,16,278,278,0,0,3.77476e-15,3.77476e-15
mnist,"[15, 15, 15]",4,101,1,0.3,278,16,278,278,0,0,3.77476e-15,3.77476e-15
mnist,"[15, 15, 15]",4,101,1,0.5,278,16,278,278,0,0,3.77476e-15,3.77476e-15
mnist,"[15, 15, 15]",4,101,1,1,278,16,278,278,0,0,3.77476e-15,3.77476e-15
mnist,"[15, 15, 15]",4,101,2,0.1,1248,16,1247,1247,0,0,3.55271e-15,3.55271e-15
mnist,"[15, 15, 15]",4,101,2,0.3,1248,16,650,674,24,0.0192308,0.0257682,0.024054
mnist,"[15, 15, 15]",4,101,2,0.5,1248,16,303,314,11,0.0088141,0.0614483,0.0620975
mnist,"[15, 15, 15]",4,101,2,1,1248,16,152,155,3,0.00240385,0.00428628,0.00327029
mnist,"[15, 15, 15]",4,101,3,0.1,3071,16,2950,2956,6,0.00195376,0.00155904,0.00353292
mnist,"[15, 15, 15]",4,101,3,0.3,3071,16,1704,1735,31,0.0100944,0.0144357,0.0101865
mnist,"[15, 15, 15]",4,101,3,0.5,3071,16,805,843,38,0.0123738,0.0204569,0.022576
mnist,"[15, 15, 15]",4,101,3,1,3071,16,279,286,7,0.00227939,0.0210652,0.0178223
mnist,"[15, 15, 15]",4,102,1,0.1,344,16,344,344,0,0,2.66454e-15,2.66454e-15
mnist,"[15, 15, 15]",4,102,1,0.3,344,16,344,344,0,0,2.66454e-15,2.66454e-15
mnist,"[15, 15, 15]",4,102,1,0.5,344,16,344,344,0,0,2.66454e-15,2.66454e-15
mnist,"[15, 15, 15]",4,102,1,1,344,16,344,344,0,0,2.66454e-15,2.66454e-15
mnist,"[15, 15, 15]",4,102,2,0.1,1464,16,1464,1464,0,0,3.9968e-15,3.9968e-15
mnist,"[15, 15, 15]",4,102,2,0.3,1464,16,1072,1088,16,0.010929,0.0129613,0.012363
mnist,"[15, 15, 15]",4,102,2,0.5,1464,16,576,605,29,0.0198087,0.0553561,0.0527593
mnist,"[15, 15, 15]",4,102,2,1,1464,16,274,282,8,0.00546448,0.0310576,0.0284608
mnist,"[15, 15, 15]",4,102,3,0.1,3742,16,3639,3640,1,0.000267237,0.000317287,0.000384669
mnist,"[15, 15, 15]",4,102,3,0.3,3742,16,2095,2149,54,0.0144308,0.018531,0.0189844
mnist,"[15, 15, 15]",4,102,3,0.5,3742,16,951,989,38,0.010155,0.0100431,0.0290111
mnist,"[15, 15, 15]",4,102,3,1,3742,16,342,351,9,0.00240513,0.0112898,0.0105081
mnist,"[15, 15, 15]",4,103,1,0.1,346,16,346,346,0,0,1.33227e-15,1.33227e-15
mnist,"[15, 15, 15]",4,103,1,0.3,346,16,346,346,0,0,1.33227e-15,1.33227e-15
mnist,"[15, 15, 15]",4,103,1,0.5,346,16,346,346,0,0,1.33227e-15,1.33227e-15
mnist,"[15, 15, 15]",4,103,1,1,346,16,346,346,0,0,1.33227e-15,1.33227e-15
mnist,"[15, 15, 15]",4,103,2,0.1,1809,16,1809,1809,0,0,5.32907e-15,5.10703e-15
mnist,"[15, 15, 15]",4,103,2,0.3,1809,16,1050,1085,35,0.0193477,0.0277601,0.0178008
mnist,"[15, 15, 15]",4,103,2,0.5,1809,16,501,524,23,0.0127142,0.0310379,0.0362316
mnist,"[15, 15, 15]",4,103,2,1,1809,16,266,271,5,0.00276396,0.00909863,0.0068691
mnist,"[15, 15, 15]",4,103,3,0.1,3575,16,3508,3508,0,0,5.77316e-15,5.27356e-15
mnist,"[15, 15, 15]",4,103,3,0.3,3575,16,1792,1827,35,0.00979021,0.020979,0.0259333
mnist,"[15, 15, 15]",4,103,3,0.5,3575,16,689,720,31,0.00867133,0.0274077,0.026609
mnist,"[15, 15, 15]",4,103,3,1,3575,16,180,190,10,0.0027972,0.0296289,0.0255678
mnist,"[15, 15, 15]",4,104,1,0.1,384,16,384,384,0,0,1.11022e-15,1.11022e-15
mnist,"[15, 15, 15]",4,104,1,0.3,384,16,384,384,0,0,1.11022e-15,1.11022e-15
mnist,"[15, 15, 15]",4,104,1,0.5,384,16,384,384,0,0,1.11022e-15,1.11022e-15
mnist,"[15, 15, 15]",4,104,1,1,384,16,384,384,0,0,1.11022e-15,1.11022e-15
mnist,"[15, 15, 15]",4,104,2,0.1,1629,16,1625,1625,0,0,3.9968e-15,3.9968e-15
mnist,"[15, 15, 15]",4,104,2,0.3,1629,16,954,980,26,0.0159607,0.0223516,0.0148391
mnist,"[15, 15, 15]",4,104,2,0.5,1629,16,499,521,22,0.0135052,0.0345132,0.0414591
mnist,"[15, 15, 15]",4,104,2,1,1629,16,222,231,9,0.00552486,0.0612421,0.0579961
mnist,"[15, 15, 15]",4,104,3,0.1,3335,16,3244,3244,0,0,3.9968e-15,3.9968e-15
mnist,"[15, 15, 15]",4,104,3,0.3,3335,16,1810,1837,27,0.00809595,0.0145102,0.0154886
mnist,"[15, 15, 15]",4,104,3,0.5,3335,16,733,776,43,0.0128936,0.0211218,0.0416646
mnist,"[15, 15, 15]",4,104,3,1,3335,16,165,173,8,0.0023988,0.0350956,0.0363941
mnist,"[15, 15, 15]",4,105,1,0.1,263,16,263,263,0,0,2.66454e-15,2.66454e-15
mnist,"[15, 15, 15]",4,105,1,0.3,263,16,263,263,0,0,2.66454e-15,2.66454e-15
mnist,"[15, 15, 15]",4,105,1,0.5,263,16,263,263,0,0,2.66454e-15,2.66454e-15
mnist,"[15, 15, 15]",4,105,1,1,263,16,263,263,0,0,2.66454e-15,2.66454e-15
mnist,"[15, 15, 15]",4,105,2,0.1,1573,16,1563,1563,0,0,2.66454e-15,2.66454e-15
mnist,"[15, 15, 15]",4,105,2,0.3,1573,16,909,937,28,0.0178004,0.0183315,0.0100008
mnist,"[15, 15, 15]",4,105,2,0.5,1573,16,429,461,32,0.0203433,0.0464092,0.0451108
mnist,"[15, 15, 15]",4,105,2,1,1573,16,274,275,1,0.000635728,9.72399e-05,0.000551973
mnist,"[15, 15, 15]",4,105,3,0.1,3379,16,3287,3290,3,0.000887837,0.000738247,0.00170099
mnist,"[15, 15, 15]",4,105,3,0.3,3379,16,1796,1827,31,0.00917431,0.0165536,0.0149972
mnist,"[15, 15, 15]",4,105,3,0.5,3379,16,754,780,26,0.00769458,0.0157039,0.0221511
mnist,"[15, 15, 15]",4,105,3,1,3379,16,237,248,11,0.0032554,0.035619,0.035619
mnist,"[15, 15, 15]",5,101,1,0.1,396,16,396,396,0,0,1.33227e-15,1.33227e-15
mnist,"[15, 15, 15]",5,101,1,0.3,396,16,396,396,0,0,1.33227e-15,1.33227e-15
mnist,"[15, 15, 15]",5,101,1,0.5,396,16,396,396,0,0,1.33227e-15,1.33227e-15
mnist,"[15, 15, 15]",5,101,1,1,396,16,396,396,0,0,1.33227e-15,1.33227e-15
mnist,"[15, 15, 15]",5,101,2,0.1,2239,16,2239,2239,0,0,3.9968e-15,3.9968e-15
mnist,"[15, 15, 15]",5,101,2,0.3,2239,16,1560,1581,21,0.00937919,0.0103791,0.0110767
mnist,"[15, 15, 15]",5,101,2,0.5,2239,16,844,870,26,0.0116123,0.0226848,0.0221709
mnist,"[15, 15, 15]",5,101,2,1,2239,16,338,354,16,0.00714605,0.0537839,0.0511871
mnist,"[15, 15, 15]",5,101,3,0.1,4908,16,4886,4886,0,0,4.88498e-15,4.91274e-15
mnist,"[15, 15, 15]",5,101,3,0.3,4908,16,3087,3132,45,0.0091687,0.00931804,0.0270843
mnist,"[15, 15, 15]",5,101,3,0.5,4908,16,1372,1406,34,0.00692747,0.0156109,0.0162336
mnist,"[15, 15, 15]",5,101,3,1,4908,16,334,353,19,0.00387123,0.0452621,0.0416691
mnist,"[15, 15, 15]",5,102,1,0.1,429,16,429,429,0,0,1.9984e-15,1.33227e-15
mnist,"[15, 15, 15]",5,102,1,0.3,429,16,429,429,0,0,1.9984e-15,1.33227e-15
mnist,"[15, 15, 15]",5,102,1,0.5,429,16,429,429,0,0,1.9984e-15,1.33227e-15
mnist,"[15, 15, 15]",5,102,1,1,429,16,429,429,0,0,1.9984e-15,1.33227e-15
mnist,"[15, 15, 15]",5,102,2,0.1,2543,16,2542,2542,0,0,3.10862e-15,2.66454e-15
mnist,"[15, 15, 15]",5,102,2,0.3,2543,16,1578,1612,34,0.01337,0.0157982,0.0183268
mnist,"[15, 15, 15]",5,102,2,0.5,2543,16,754,779,25,0.00983091,0.0225294,0.0176078
mnist,"[15, 15, 15]",5,102,2,1,2543,16,406,413,7,0.00275265,0.00515227,0.0046079
mnist,"[15, 15, 15]",5,102,3,0.1,5361,16,5288,5288,0,0,5.32907e-15,5.27356e-15
mnist,"[15, 15, 15]",5,102,3,0.3,5361,16,3349,3391,42,0.00783436,0.00979696,0.0258751
mnist,"[15, 15, 15]",5,102,3,0.5,5361,16,1515,1552,37,0.0069017,0.0179759,0.0289097
mnist,"[15, 15, 15]",5,102,3,1,5361,16,440,462,22,0.00410371,0.0261896,0.0226456
mnist,"[15, 15, 15]",5,103,1,0.1,558,16,558,558,0,0,1.33227e-15,1.33227e-15
mnist,"[15, 15, 15]",5,103,1,0.3,558,16,558,558,0,0,1.33227e-15,1.33227e-15
mnist,"[15, 15, 15]",5,103,1,0.5,558,16,558,558,0,0,1.33227e-15,1.33227e-15
mnist,"[15, 15, 15]",5,103,1,1,558,16,558,558,0,0,1.33227e-15,1.33227e-15
mnist,"[15, 15, 15]",5,103,2,0.1,2541,16,2361,2367,6,0.00236128,0.00370706,0.00357852
mnist,"[15, 15, 15]",5,103,2,0.3,2541,16,1272,1303,31,0.0121999,0.02527,0.0192139
mnist,"[15, 15, 15]",5,103,2,0.5,2541,16,599,622,23,0.00905155,0.0306267,0.0337844
mnist,"[15, 15, 15]",5,103,2,1,2541,16,263,269,6,0.00236128,0.00947416,0.00839719
mnist,"[15, 15, 15]",5,103,3,0.1,5022,16,4726,4735,9,0.00179211,0.00141902,0.00527657
mnist,"[15, 15, 15]",5,103,3,0.3,5022,16,2933,2968,35,0.00696933,0.015615,0.018503
mnist,"[15, 15, 15]",5,103,3,0.5,5022,16,1273,1304,31,0.00617284,0.0194917,0.0245229
mnist,"[15, 15, 15]",5,103,3,1,5022,16,308,322,14,0.00278773,0.0272703,0.0246734
mnist,"[15, 15, 15]",5,104,1,0.1,526,16,526,526,0,0,0,0
mnist,"[15, 15, 15]",5,104,1,0.3,526,16,526,526,0,0,0,0
mnist,"[15, 15, 15]",5,104,1,0.5,526,16,526,526,0,0,0,0
mnist,"[15, 15, 15]",5,104,1,1,526,16,526,526,0,0,0,0
mnist,"[15, 15, 15]",5,104,2,0.1,2934,16,2934,2934,0,0,2.66454e-15,2.66454e-15
mnist,"[15, 15, 15]",5,104,2,0.3,2934,16,2090,2117,27,0.00920245,0.0131608,0.0163452
mnist,"[15, 15, 15]",5,104,2,0.5,2934,16,1098,1130,32,0.0109066,0.0394112,0.0258234
mnist,"[15, 15, 15]",5,104,2,1,2934,16,443,454,11,0.00374915,0.00666093,0.00786808
mnist,"[15, 15, 15]",5,104,3,0.1,5583,16,5536,5536,0,0,4.88498e-15,4.88498e-15
mnist,"[15, 15, 15]",5,104,3,0.3,5583,16,3663,3715,52,0.00931399,0.0107819,0.0311503
mnist,"[15, 15, 15]",5,104,3,0.5,5583,16,1759,1789,30,0.00537346,0.013323,0.0170038
mnist,"[15, 15, 15]",5,104,3,1,5583,16,391,411,20,0.0035823,0.0196472,0.0202631
mnist,"[15, 15, 15]",5,105,1,0.1,390,16,390,390,0,0,3.77476e-15,3.33067e-15
mnist,"[15, 15, 15]",5,105,1,0.3,390,16,390,390,0,0,3.77476e-15,3.33067e-15
mnist,"[15, 15, 15]",5,105,1,0.5,390,16,390,390,0,0,3.77476e-15,3.33067e-15
mnist,"[15, 15, 15]",5,105,1,1,390,16,390,390,0,0,3.77476e-15,3.33067e-15
mnist,"[15, 15, 15]",5,105,2,0.1,2180,16,2180,2180,0,0,4.44089e-16,1.11022e-15
mnist,"[15, 15, 15]",5,105,2,0.3,2180,16,1280,1319,39,0.0178899,0.0299116,0.0207563
mnist,"[15, 15, 15]",5,105,2,0.5,2180,16,595,620,25,0.0114679,0.0410285,0.0377825
mnist,"[15, 15, 15]",5,105,2,1,2180,16,274,284,10,0.00458716,0.0237571,0.0198618
mnist,"[15, 15, 15]",5,105,3,0.1,5014,16,4972,4974,2,0.000398883,3.10862e-15,0.00129843
mnist,"[15, 15, 15]",5,105,3,0.3,5014,16,2945,3005,60,0.0119665,0.00991561,0.0334381
mnist,"[15, 15, 15]",5,105,3,0.5,5014,16,1376,1418,42,0.00837655,0.0234213,0.0186076
mnist,"[15, 15, 15]",5,105,3,1,5014,16,412,429,17,0.00339051,0.0152798,0.0198243
mnist,"[15, 15, 15]",10,101,1,0.1,956,16,956,956,0,0,3.9968e-15,3.9968e-15
mnist,"[15, 15, 15]",10,101,1,0.3,956,16,956,956,0,0,3.9968e-15,3.9968e-15
mnist,"[15, 15, 15]",10,101,1,0.5,956,16,956,956,0,0,3.9968e-15,3.9968e-15
mnist,"[15, 15, 15]",10,101,1,1,956,16,956,956,0,0,3.9968e-15,3.9968e-15
mnist,"[15, 15, 15]",10,101,2,0.1,4605,16,4605,4605,0,0,5.32907e-15,4.90059e-15
mnist,"[15, 15, 15]",10,101,2,0.3,4605,16,3654,3683,29,0.0062975,0.0121985,0.0238427
mnist,"[15, 15, 15]",10,101,2,0.5,4605,16,1923,1986,63,0.0136808,0.0427496,0.0544359
mnist,"[15, 15, 15]",10,101,2,1,4605,16,471,489,18,0.00390879,0.0199152,0.0189604
mnist,"[15, 15, 15]",10,101,3,0.1,7172,16,7172,7172,0,0,3.10862e-15,2.22045e-15
mnist,"[15, 15, 15]",10,101,3,0.3,7172,16,5500,5548,48,0.00669269,0.0082878,0.0254763
mnist,"[15, 15, 15]",10,101,3,0.5,7172,16,2724,2795,71,0.00989961,0.0265352,0.0434803
mnist,"[15, 15, 15]",10,101,3,1,7172,16,360,380,20,0.00278862,0.0232975,0.0308135
mnist,"[15, 15, 15]",10,102,1,0.1,640,16,640,640,0,0,2.44249e-15,2.66454e-15
mnist,"[15, 15, 15]",10,102,1,0.3,640,16,640,640,0,0,2.44249e-15,2.66454e-15
mnist,"[15, 15, 15]",10,102,1,0.5,640,16,640,640,0,0,2.44249e-15,2.66454e-15
mnist,"[15, 15, 15]",10,102,1,1,640,16,640,640,0,0,2.44249e-15,2.66454e-15
mnist,"[15, 15, 15]",10,102,2,0.1,3645,16,3645,3645,0,0,3.10862e-15,2.60902e-15
mnist,"[15, 15, 15]",10,102,2,0.3,3645,16,2607,2645,38,0.0104252,0.0189605,0.0209615
mnist,"[15, 15, 15]",10,102,2,0.5,3645,16,1241,1282,41,0.0112483,0.041289,0.0274676
mnist,"[15, 15, 15]",10,102,2,1,3645,16,484,490,6,0.00164609,0.005498,0.00490887
mnist,"[15, 15, 15]",10,102,3,0.1,7429,16,7423,7423,0,0,2.66454e-15,2.66454e-15
mnist,"[15, 15, 15]",10,102,3,0.3,7429,16,5777,5814,37,0.00498048,0.00922648,0.0259588
mnist,"[15, 15, 15]",10,102,3,0.5,7429,16,3031,3098,67,0.00901871,0.0245714,0.0334702
mnist,"[15, 15, 15]",10,102,3,1,7429,16,643,661,18,0.00242294,0.0178047,0.0174859
mnist,"[15, 15, 15]",10,103,1,0.1,974,16,974,974,0,0,2.22045e-15,1.33227e-15
mnist,"[15, 15, 15]",10,103,1,0.3,974,16,974,974,0,0,2.22045e-15,1.33227e-15
mnist,"[15, 15, 15]",10,103,1,0.5,974,16,974,974,0,0,2.22045e-15,1.33227e-15
mnist,"[15, 15, 15]",10,103,1,1,974,16,974,974,0,0,2.22045e-15,1.33227e-15
mnist,"[15, 15, 15]",10,103,2,0.1,4120,16,4120,4120,0,0,4.44089e-16,8.88178e-16
mnist,"[15, 15, 15]",10,103,2,0.3,4120,16,3091,3125,34,0.00825243,0.0161099,0.018315
mnist,"[15, 15, 15]",10,103,2,0.5,4120,16,1362,1417,55,0.0133495,0.0455574,0.0390652
mnist,"[15, 15, 15]",10,103,2,1,4120,16,320,334,14,0.00339806,0.0206366,0.0171484
mnist,"[15, 15, 15]",10,103,3,0.1,7316,16,7312,7312,0,0,2.66454e-15,2.88658e-15
mnist,"[15, 15, 15]",10,103,3,0.3,7316,16,5548,5593,45,0.0061509,0.0076254,0.0259881
mnist,"[15, 15, 15]",10,103,3,0.5,7316,16,2870,2922,52,0.00710771,0.0185246,0.0330737
mnist,"[15, 15, 15]",10,103,3,1,7316,16,642,673,31,0.00423729,0.0431361,0.0367138
mnist,"[15, 15, 15]",10,104,1,0.1,1090,16,1090,1090,0,0,1.33227e-15,1.55431e-15
mnist,"[15, 15, 15]",10,104,1,0.3,1090,16,1090,1090,0,0,1.33227e-15,1.55431e-15
mnist,"[15, 15, 15]",10,104,1,0.5,1090,16,1090,1090,0,0,1.33227e-15,1.55431e-15
mnist,"[15, 15, 15]",10,104,1,1,1090,16,1090,1090,0,0,1.33227e-15,1.55431e-15
mnist,"[15, 15, 15]",10,104,2,0.1,5063,16,5063,5063,0,0,2.66454e-15,2.72005e-15
mnist,"[15, 15, 15]",10,104,2,0.3,5063,16,3803,3830,27,0.00533281,0.0148527,0.0132419
mnist,"[15, 15, 15]",10,104,2,0.5,5063,16,2139,2179,40,0.00790045,0.0281567,0.0317607
mnist,"[15, 15, 15]",10,104,2,1,5063,16,819,834,15,0.00296267,0.00461645,0.0111252
mnist,"[15, 15, 15]",10,104,3,0.1,7589,16,7589,7589,0,0,2.66454e-15,2.66454e-15
mnist,"[15, 15, 15]",10,104,3,0.3,7589,16,6272,6321,49,0.00645671,0.00612435,0.0256896
mnist,"[15, 15, 15]",10,104,3,0.5,7589,16,3745,3784,39,0.00513902,0.0161523,0.0256642
mnist,"[15, 15, 15]",10,104,3,1,7589,16,704,725,21,0.00276716,0.0295173,0.0365745
mnist,"[15, 15, 15]",10,105,1,0.1,943,16,943,943,0,0,1.33227e-15,1.33227e-15
mnist,"[15, 15, 15]",10,105,1,0.3,943,16,943,943,0,0,1.33227e-15,1.33227e-15
mnist,"[15, 15, 15]",10,105,1,0.5,943,16,943,943,0,0,1.33227e-15,1.33227e-15
mnist,"[15, 15, 15]",10,105,1,1,943,16,943,943,0,0,1.33227e-15,1.33227e-15
mnist,"[15, 15, 15]",10,105,2,0.1,4565,16,4562,4562,0,0,4.44089e-15,4.90059e-15
mnist,"[15, 15, 15]",10,105,2,0.3,4565,16,3457,3496,39,0.00854326,0.0153757,0.0232957
mnist,"[15, 15, 15]",10,105,2,0.5,4565,16,1791,1831,40,0.00876232,0.044862,0.054349
mnist,"[15, 15, 15]",10,105,2,1,4565,16,718,731,13,0.00284775,0.0234924,0.0241416
mnist,"[15, 15, 15]",10,105,3,0.1,7623,16,7623,7623,0,0,3.9968e-15,4.88498e-15
mnist,"[15, 15, 15]",10,105,3,0.3,7623,16,6245,6303,58,0.00760855,0.0100528,0.029971
mnist,"[15, 15, 15]",10,105,3,0.5,7623,16,3702,3765,63,0.00826446,0.0116141,0.0390488
mnist,"[15, 15, 15]",10,105,3,1,7623,16,945,964,19,0.00249246,0.0172882,0.0244121
mnist,"[15, 15, 15]",15,101,1,0.1,1015,16,1015,1015,0,0,1.33227e-15,1.33227e-15
mnist,"[15, 15, 15]",15,101,1,0.3,1015,16,1015,1015,0,0,1.33227e-15,1.33227e-15
mnist,"[15, 15, 15]",15,101,1,0.5,1015,16,1015,1015,0,0,1.33227e-15,1.33227e-15
mnist,"[15, 15, 15]",15,101,1,1,1015,16,1015,1015,0,0,1.33227e-15,1.33227e-15
mnist,"[15, 15, 15]",15,101,2,0.1,4772,16,4772,4772,0,0,2.22045e-15,2.59515e-15
mnist,"[15, 15, 15]",15,101,2,0.3,4772,16,3647,3679,32,0.00670578,0.0113161,0.0200357
mnist,"[15, 15, 15]",15,101,2,0.5,4772,16,1890,1944,54,0.011316,0.0311484,0.0399555
mnist,"[15, 15, 15]",15,101,2,1,4772,16,587,599,12,0.00251467,0.0142956,0.0162061
mnist,"[15, 15, 15]",15,101,3,0.1,7569,16,7567,7567,0,0,4.44089e-15,4.88498e-15
mnist,"[15, 15, 15]",15,101,3,0.3,7569,16,6363,6395,32,0.00422777,0.0050101,0.0203717
mnist,"[15, 15, 15]",15,101,3,0.5,7569,16,3785,3853,68,0.00898401,0.0167037,0.0341068
mnist,"[15, 15, 15]",15,101,3,1,7569,16,735,763,28,0.0036993,0.024197,0.0315001
mnist,"[15, 15, 15]",15,102,1,0.1,1249,16,1249,1249,0,0,2.66454e-15,2.66454e-15
mnist,"[15, 15, 15]",15,102,1,0.3,1249,16,1249,1249,0,0,2.66454e-15,2.66454e-15
mnist,"[15, 15, 15]",15,102,1,0.5,1249,16,1249,1249,0,0,2.66454e-15,2.66454e-15
mnist,"[15, 15, 15]",15,102,1,1,1249,16,1249,1249,0,0,2.66454e-15,2.66454e-15
mnist,"[15, 15, 15]",15,102,2,0.1,4933,16,4933,4933,0,0,2.66454e-15,2.69229e-15
mnist,"[15, 15, 15]",15,102,2,0.3,4933,16,4064,4089,25,0.00506791,0.0121607,0.0105583
mnist,"[15, 15, 15]",15,102,2,0.5,4933,16,2163,2199,36,0.00729779,0.0230077,0.0340128
mnist,"[15, 15, 15]",15,102,2,1,4933,16,592,609,17,0.00344618,0.0190097,0.0242034
mnist,"[15, 15, 15]",15,102,3,0.1,7744,16,7740,7740,0,0,5.32907e-15,5.10703e-15
mnist,"[15, 15, 15]",15,102,3,0.3,7744,16,6826,6847,21,0.00271178,0.00382925,0.0140503
mnist,"[15, 15, 15]",15,102,3,0.5,7744,16,4126,4182,56,0.0072314,0.0135975,0.02699
mnist,"[15, 15, 15]",15,102,3,1,7744,16,589,620,31,0.0040031,0.0346272,0.031943
mnist,"[15, 15, 15]",15,103,1,0.1,929,16,929,929,0,0,1.77636e-15,2.66454e-15
mnist,"[15, 15, 15]",15,103,1,0.3,929,16,929,929,0,0,1.77636e-15,2.66454e-15
mnist,"[15, 15, 15]",15,103,1,0.5,929,16,929,929,0,0,1.77636e-15,2.66454e-15
mnist,"[15, 15, 15]",15,103,1,1,929,16,929,929,0,0,1.77636e-15,2.66454e-15
mnist,"[15, 15, 15]",15,103,2,0.1,4789,16,4789,4789,0,0,4.88498e-15,4.80171e-15
mnist,"[15, 15, 15]",15,103,2,0.3,4789,16,3673,3706,33,0.00689079,0.0269799,0.0239998
mnist,"[15, 15, 15]",15,103,2,0.5,4789,16,1875,1905,30,0.00626436,0.0435385,0.0451239
mnist,"[15, 15, 15]",15,103,2,1,4789,16,736,750,14,0.00292337,0.0209709,0.0196267
mnist,"[15, 15, 15]",15,103,3,0.1,7949,16,7945,7945,0,0,0,0
mnist,"[15, 15, 15]",15,103,3,0.3,7949,16,6713,6749,36,0.00452887,0.00360965,0.0225056
mnist,"[15, 15, 15]",15,103,3,0.5,7949,16,4313,4363,50,0.0062901,0.0109513,0.0383576
mnist,"[15, 15, 15]",15,103,3,1,7949,16,912,930,18,0.00226444,0.0285539,0.0330676
mnist,"[15, 15, 15]",15,104,1,0.1,1165,16,1165,1165,0,0,1.33227e-15,1.11022e-15
mnist,"[15, 15, 15]",15,104,1,0.3,1165,16,1165,1165,0,0,1.33227e-15,1.11022e-15
mnist,"[15, 15, 15]",15,104,1,0.5,1165,16,1165,1165,0,0,1.33227e-15,1.11022e-15
mnist,"[15, 15, 15]",15,104,1,1,1165,16,1165,1165,0,0,1.33227e-15,1.11022e-15
mnist,"[15, 15, 15]",15,104,2,0.1,4708,16,4708,4708,0,0,2.22045e-15,2.59515e-15
mnist,"[15, 15, 15]",15,104,2,0.3,4708,16,3808,3845,37,0.00785896,0.0222843,0.0183843
mnist,"[15, 15, 15]",15,104,2,0.5,4708,16,1929,1960,31,0.00658454,0.0538572,0.0387085
mnist,"[15, 15, 15]",15,104,2,1,4708,16,584,595,11,0.00233645,0.02279,0.0214509
mnist,"[15, 15, 15]",15,104,3,0.1,7473,16,7473,7473,0,0,2.66454e-15,2.66454e-15
mnist,"[15, 15, 15]",15,104,3,0.3,7473,16,6245,6270,25,0.00334538,0.00668441,0.0174529
mnist,"[15, 15, 15]",15,104,3,0.5,7473,16,3599,3656,57,0.00762746,0.0196718,0.0384738
mnist,"[15, 15, 15]",15,104,3,1,7473,16,612,637,25,0.00334538,0.0533244,0.0591673
mnist,"[15, 15, 15]",15,105,1,0.1,1613,16,1613,1613,0,0,3.9968e-15,3.9968e-15
mnist,"[15, 15, 15]",15,105,1,0.3,1613,16,1613,1613,0,0,3.9968e-15,3.9968e-15
mnist,"[15, 15, 15]",15,105,1,0.5,1613,16,1613,1613,0,0,3.9968e-15,3.9968e-15
mnist,"[15, 15, 15]",15,105,1,1,1613,16,1613,1613,0,0,3.9968e-15,3.9968e-15
mnist,"[15, 15, 15]",15,105,2,0.1,6375,16,6375,6375,0,0,5.77316e-15,5.44009e-15
mnist,"[15, 15, 15]",15,105,2,0.3,6375,16,5210,5240,30,0.00470588,0.0131837,0.0129445
mnist,"[15, 15, 15]",15,105,2,0.5,6375,16,2872,2926,54,0.00847059,0.0195872,0.0302237
mnist,"[15, 15, 15]",15,105,2,1,6375,16,828,855,27,0.00423529,0.0163399,0.0114882
mnist,"[15, 15, 15]",15,105,3,0.1,7946,16,7946,7946,0,0,5.77316e-15,5.32907e-15
mnist,"[15, 15, 15]",15,105,3,0.3,7946,16,6771,6803,32,0.00402718,0.00285277,0.0207424
mnist,"[15, 15, 15]",15,105,3,0.5,7946,16,3844,3927,83,0.0104455,0.0124918,0.0502058
mnist,"[15, 15, 15]",15,105,3,1,7946,16,449,472,23,0.00289454,0.0600428,0.0607707
mnist,"[15, 15, 15]",20,101,1,0.1,1286,16,1286,1286,0,0,3.9968e-15,3.55271e-15
mnist,"[15, 15, 15]",20,101,1,0.3,1286,16,1286,1286,0,0,3.9968e-15,3.55271e-15
mnist,"[15, 15, 15]",20,101,1,0.5,1286,16,1286,1286,0,0,3.9968e-15,3.55271e-15
mnist,"[15, 15, 15]",20,101,1,1,1286,16,1286,1286,0,0,3.9968e-15,3.55271e-15
mnist,"[15, 15, 15]",20,101,2,0.1,5012,16,5012,5012,0,0,5.32907e-15,5.30131e-15
mnist,"[15, 15, 15]",20,101,2,0.3,5012,16,3571,3622,51,0.0101756,0.0093866,0.0258412
mnist,"[15, 15, 15]",20,101,2,0.5,5012,16,1809,1858,49,0.00977654,0.029344,0.0365605
mnist,"[15, 15, 15]",20,101,2,1,5012,16,425,447,22,0.00438947,0.0322462,0.0238623
mnist,"[15, 15, 15]",20,101,3,0.1,7568,16,7543,7543,0,0,5.32907e-15,5.77316e-15
mnist,"[15, 15, 15]",20,101,3,0.3,7568,16,6080,6110,30,0.00396406,0.00820545,0.0138244
mnist,"[15, 15, 15]",20,101,3,0.5,7568,16,3418,3482,64,0.00845666,0.0199846,0.0382883
mnist,"[15, 15, 15]",20,101,3,1,7568,16,458,488,30,0.00396406,0.0487407,0.0513375
mnist,"[15, 15, 15]",20,102,1,0.1,1276,16,1276,1276,0,0,0,0
mnist,"[15, 15, 15]",20,102,1,0.3,1276,16,1276,1276,0,0,0,0
mnist,"[15, 15, 15]",20,102,1,0.5,1276,16,1276,1276,0,0,0,0
mnist,"[15, 15, 15]",20,102,1,1,1276,16,1276,1276,0,0,0,0
mnist,"[15, 15, 15]",20,102,2,0.1,5200,16,5200,5200,0,0,1.77636e-15,2.72005e-15
mnist,"[15, 15, 15]",20,102,2,0.3,5200,16,4047,4075,28,0.00538462,0.0121834,0.0167359
mnist,"[15, 15, 15]",20,102,2,0.5,5200,16,1978,2016,38,0.00730769,0.0434926,0.0302484
mnist,"[15, 15, 15]",20,102,2,1,5200,16,509,526,17,0.00326923,0.0246064,0.0252556
mnist,"[15, 15, 15]",20,102,3,0.1,8238,16,8196,8196,0,0,7.54952e-15,7.54952e-15
mnist,"[15, 15, 15]",20,102,3,0.3,8238,16,7037,7062,25,0.00303472,0.00403878,0.0147717
mnist,"[15, 15, 15]",20,102,3,0.5,8238,16,4385,4410,25,0.00303472,0.0169277,0.0255536
mnist,"[15, 15, 15]",20,102,3,1,8238,16,989,1002,13,0.00157805,0.0309951,0.0358051
mnist,"[15, 15, 15]",20,103,1,0.1,1610,16,1610,1610,0,0,3.10862e-15,2.44249e-15
mnist,"[15, 15, 15]",20,103,1,0.3,1610,16,1610,1610,0,0,3.10862e-15,2.44249e-15
mnist,"[15, 15, 15]",20,103,1,0.5,1610,16,1610,1610,0,0,3.10862e-15,2.44249e-15
mnist,"[15, 15, 15]",20,103,1,1,1610,16,1610,1610,0,0,3.10862e-15,2.44249e-15
mnist,"[15, 15, 15]",20,103,2,0.1,6031,16,6031,6031,0,0,2.22045e-15,2.66454e-15
mnist,"[15, 15, 15]",20,103,2,0.3,6031,16,5283,5314,31,0.00514011,0.00750002,0.0157826
mnist,"[15, 15, 15]",20,103,2,0.5,6031,16,3015,3058,43,0.00712983,0.0348684,0.0242502
mnist,"[15, 15, 15]",20,103,2,1,6031,16,890,919,29,0.00480849,0.0131104,0.01488
mnist,"[15, 15, 15]",20,103,3,0.1,7909,16,7908,7908,0,0,7.54952e-15,6.88338e-15
mnist,"[15, 15, 15]",20,103,3,0.3,7909,16,6953,6988,35,0.00442534,0.00585342,0.0189793
mnist,"[15, 15, 15]",20,103,3,0.5,7909,16,4401,4446,45,0.00568972,0.0116009,0.0329485
mnist,"[15, 15, 15]",20,103,3,1,7909,16,580,603,23,0.00290808,0.0391981,0.0410153
mnist,"[15, 15, 15]",20,104,1,0.1,1607,16,1607,1607,0,0,3.9968e-15,3.9968e-15
mnist,"[15, 15, 15]",20,104,1,0.3,1607,16,1607,1607,0,0,3.9968e-15,3.9968e-15
mnist,"[15, 15, 15]",20,104,1,0.5,1607,16,1607,1607,0,0,3.9968e-15,3.9968e-15
mnist,"[15, 15, 15]",20,104,1,1,1607,16,1607,1607,0,0,3.9968e-15,3.9968e-15
mnist,"[15, 15, 15]",20,104,2,0.1,6156,16,6156,6156,0,0,2.22045e-15,2.22045e-15
mnist,"[15, 15, 15]",20,104,2,0.3,6156,16,5094,5112,18,0.00292398,0.00857197,0.0123417
mnist,"[15, 15, 15]",20,104,2,0.5,6156,16,3008,3044,36,0.00584795,0.0192572,0.0387725
mnist,"[15, 15, 15]",20,104,2,1,6156,16,799,818,19,0.00308642,0.0159274,0.02154
mnist,"[15, 15, 15]",20,104,3,0.1,8014,16,7940,7940,0,0,5.77316e-15,4.66294e-15
mnist,"[15, 15, 15]",20,104,3,0.3,8014,16,6672,6699,27,0.0033691,0.0056949,0.0195188
mnist,"[15, 15, 15]",20,104,3,0.5,8014,16,4118,4178,60,0.0074869,0.0197448,0.0302905
mnist,"[15, 15, 15]",20,104,3,1,8014,16,665,685,20,0.00249563,0.0523994,0.0470538
mnist,"[15, 15, 15]",20,105,1,0.1,1220,16,1220,1220,0,0,8.88178e-16,1.11022e-15
mnist,"[15, 15, 15]",20,105,1,0.3,1220,16,1220,1220,0,0,8.88178e-16,1.11022e-15
mnist,"[15, 15, 15]",20,105,1,0.5,1220,16,1220,1220,0,0,8.88178e-16,1.11022e-15
mnist,"[15, 15, 15]",20,105,1,1,1220,16,1220,1220,0,0,8.88178e-16,1.11022e-15
mnist,"[15, 15, 15]",20,105,2,0.1,5364,16,5364,5364,0,0,4.88498e-15,4.88498e-15
mnist,"[15, 15, 15]",20,105,2,0.3,5364,16,4208,4240,32,0.0059657,0.0113308,0.0234441
mnist,"[15, 15, 15]",20,105,2,0.5,5364,16,2229,2282,53,0.00988069,0.026638,0.03646
mnist,"[15, 15, 15]",20,105,2,1,5364,16,700,717,17,0.00316928,0.0217429,0.027311
mnist,"[15, 15, 15]",20,105,3,0.1,7402,16,7402,7402,0,0,6.66134e-15,7.54952e-15
mnist,"[15, 15, 15]",20,105,3,0.3,7402,16,5974,6003,29,0.00391786,0.00868586,0.0190712
mnist,"[15, 15, 15]",20,105,3,0.5,7402,16,3405,3447,42,0.00567414,0.0203377,0.0342117
mnist,"[15, 15, 15]",20,105,3,1,7402,16,585,606,21,0.00283707,0.0639752,0.0732451
mnist,"[25, 25, 25]",2,101,1,0.1,176,16,176,176,0,0,1.33227e-15,1.33227e-15
mnist,"[25, 25, 25]",2,101,1,0.3,176,16,176,176,0,0,1.33227e-15,1.33227e-15
mnist,"[25, 25, 25]",2,101,1,0.5,176,16,176,176,0,0,1.33227e-15,1.33227e-15
mnist,"[25, 25, 25]",2,101,1,1,176,16,176,176,0,0,1.33227e-15,1.33227e-15
mnist,"[25, 25, 25]",2,101,2,0.1,580,16,490,494,4,0.00689655,0.00187533,0.00259545
mnist,"[25, 25, 25]",2,101,2,0.3,580,16,281,289,8,0.0137931,0.00990078,0.00845414
mnist,"[25, 25, 25]",2,101,2,0.5,580,16,198,205,7,0.012069,0.0149671,0.015417
mnist,"[25, 25, 25]",2,101,2,1,580,16,182,182,0,0,1.11022e-15,1.11022e-15
mnist,"[25, 25, 25]",2,101,3,0.1,1207,16,904,914,10,0.008285,0.00337591,0.00382981
mnist,"[25, 25, 25]",2,101,3,0.3,1207,16,433,448,15,0.0124275,0.0101704,0.0063065
mnist,"[25, 25, 25]",2,101,3,0.5,1207,16,273,285,12,0.009942,0.00823394,0.00666287
mnist,"[25, 25, 25]",2,101,3,1,1207,16,211,213,2,0.001657,0.0030011,0.00267737
mnist,"[25, 25, 25]",2,102,1,0.1,194,16,194,194,0,0,2.66454e-15,2.88658e-15
mnist,"[25, 25, 25]",2,102,1,0.3,194,16,194,194,0,0,2.66454e-15,2.88658e-15
mnist,"[25, 25, 25]",2,102,1,0.5,194,16,194,194,0,0,2.66454e-15,2.88658e-15
mnist,"[25, 25, 25]",2,102,1,1,194,16,194,194,0,0,2.66454e-15,2.88658e-15
mnist,"[25, 25, 25]",2,102,2,0.1,572,16,484,487,3,0.00524476,0.00288502,0.0029154
mnist,"[25, 25, 25]",2,102,2,0.3,572,16,276,288,12,0.020979,0.0114182,0.00878705
mnist,"[25, 25, 25]",2,102,2,0.5,572,16,188,196,8,0.013986,0.0116613,0.0129597
mnist,"[25, 25, 25]",2,102,2,1,572,16,164,164,0,0,3.9968e-15,3.9968e-15
mnist,"[25, 25, 25]",2,102,3,0.1,1025,16,798,804,6,0.00585366,0.00335504,0.00458998
mnist,"[25, 25, 25]",2,102,3,0.3,1025,16,334,345,11,0.0107317,0.00992458,0.0103555
mnist,"[25, 25, 25]",2,102,3,0.5,1025,16,193,203,10,0.0097561,0.0108801,0.00920802
mnist,"[25, 25, 25]",2,102,3,1,1025,16,134,138,4,0.00390244,0.022821,0.0208733
mnist,"[25, 25, 25]",2,103,1,0.1,203,16,203,203,0,0,3.77476e-15,3.77476e-15
mnist,"[25, 25, 25]",2,103,1,0.3,203,16,203,203,0,0,3.77476e-15,3.77476e-15
mnist,"[25, 25, 25]",2,103,1,0.5,203,16,203,203,0,0,3.77476e-15,3.77476e-15
mnist,"[25, 25, 25]",2,103,1,1,203,16,203,203,0,0,3.77476e-15,3.77476e-15
mnist,"[25, 25, 25]",2,103,2,0.1,627,16,534,537,3,0.00478469,0.00147291,0.000831485
mnist,"[25, 25, 25]",2,103,2,0.3,627,16,303,309,6,0.00956938,0.00815641,0.00565104
mnist,"[25, 25, 25]",2,103,2,0.5,627,16,207,212,5,0.00797448,0.00357276,0.00457243
mnist,"[25, 25, 25]",2,103,2,1,627,16,175,175,0,0,3.77476e-15,3.77476e-15
mnist,"[25, 25, 25]",2,103,3,0.1,1138,16,910,916,6,0.00527241,0.00220365,0.00373309
mnist,"[25, 25, 25]",2,103,3,0.3,1138,16,366,386,20,0.0175747,0.012353,0.00921093
mnist,"[25, 25, 25]",2,103,3,0.5,1138,16,206,220,14,0.0123023,0.0117291,0.0102325
mnist,"[25, 25, 25]",2,103,3,1,1138,16,151,154,3,0.0026362,0.00446245,0.00376047
mnist,"[25, 25, 25]",2,104,1,0.1,197,16,197,197,0,0,0,0
mnist,"[25, 25, 25]",2,104,1,0.3,197,16,197,197,0,0,0,0
mnist,"[25, 25, 25]",2,104,1,0.5,197,16,197,197,0,0,0,0
mnist,"[25, 25, 25]",2,104,1,1,197,16,197,197,0,0,0,0
mnist,"[25, 25, 25]",2,104,2,0.1,702,16,574,579,5,0.00712251,0.00134459,0.00206386
mnist,"[25, 25, 25]",2,104,2,0.3,702,16,328,341,13,0.0185185,0.0152186,0.0116506
mnist,"[25, 25, 25]",2,104,2,0.5,702,16,244,253,9,0.0128205,0.0146443,0.0126967
mnist,"[25, 25, 25]",2,104,2,1,702,16,232,232,0,0,3.77476e-15,3.55271e-15
mnist,"[25, 25, 25]",2,104,3,0.1,1360,16,1042,1049,7,0.00514706,0.00473826,0.00419445
mnist,"[25, 25, 25]",2,104,3,0.3,1360,16,468,480,12,0.00882353,0.0104131,0.00925268
mnist,"[25, 25, 25]",2,104,3,0.5,1360,16,286,299,13,0.00955882,0.011081,0.00924612
mnist,"[25, 25, 25]",2,104,3,1,1360,16,234,237,3,0.00220588,0.00498939,0.0040292
mnist,"[25, 25, 25]",2,105,1,0.1,171,16,171,171,0,0,3.77476e-15,3.9968e-15
mnist,"[25, 25, 25]",2,105,1,0.3,171,16,171,171,0,0,3.77476e-15,3.9968e-15
mnist,"[25, 25, 25]",2,105,1,0.5,171,16,171,171,0,0,3.77476e-15,3.9968e-15
mnist,"[25, 25, 25]",2,105,1,1,171,16,171,171,0,0,3.77476e-15,3.9968e-15
mnist,"[25, 25, 25]",2,105,2,0.1,661,16,539,545,6,0.00907716,0.00271601,0.00355878
mnist,"[25, 25, 25]",2,105,2,0.3,661,16,332,343,11,0.0166415,0.0207331,0.0224071
mnist,"[25, 25, 25]",2,105,2,0.5,661,16,257,263,6,0.00907716,0.0114265,0.00862126
mnist,"[25, 25, 25]",2,105,2,1,661,16,232,232,0,0,3.77476e-15,3.77476e-15
mnist,"[25, 25, 25]",2,105,3,0.1,1458,16,1072,1079,7,0.0048011,0.00214083,0.0035739
mnist,"[25, 25, 25]",2,105,3,0.3,1458,16,527,541,14,0.00960219,0.0078895,0.00971236
mnist,"[25, 25, 25]",2,105,3,0.5,1458,16,382,392,10,0.00685871,0.0104205,0.00962161
mnist,"[25, 25, 25]",2,105,3,1,1458,16,305,305,0,0,1.33227e-15,1.33227e-15
mnist,"[25, 25, 25]",3,101,1,0.1,664,16,664,664,0,0,1.11022e-15,1.11022e-15
mnist,"[25, 25, 25]",3,101,1,0.3,664,16,664,664,0,0,1.11022e-15,1.11022e-15
mnist,"[25, 25, 25]",3,101,1,0.5,664,16,664,664,0,0,1.11022e-15,1.11022e-15
mnist,"[25, 25, 25]",3,101,1,1,664,16,664,664,0,0,1.11022e-15,1.11022e-15
mnist,"[25, 25, 25]",3,101,2,0.1,2356,16,2159,2160,1,0.000424448,0.00106952,0.000998795
mnist,"[25, 25, 25]",3,101,2,0.3,2356,16,1097,1122,25,0.0106112,0.0152333,0.0211559
mnist,"[25, 25, 25]",3,101,2,0.5,2356,16,661,677,16,0.00679117,0.0149856,0.0184009
mnist,"[25, 25, 25]",3,101,2,1,2356,16,588,588,0,0,3.55271e-15,3.77476e-15
mnist,"[25, 25, 25]",3,101,3,0.1,4744,16,4313,4321,8,0.00168634,0.00290104,0.00370655
mnist,"[25, 25, 25]",3,101,3,0.3,4744,16,2086,2122,36,0.00758853,0.0140735,0.0234472
mnist,"[25, 25, 25]",3,101,3,0.5,4744,16,1181,1199,18,0.00379427,0.0108914,0.00846986
mnist,"[25, 25, 25]",3,101,3,1,4744,16,829,835,6,0.00126476,0.00740727,0.0064744
mnist,"[25, 25, 25]",3,102,1,0.1,726,16,726,726,0,0,8.88178e-16,8.88178e-16
mnist,"[25, 25, 25]",3,102,1,0.3,726,16,726,726,0,0,8.88178e-16,8.88178e-16
mnist,"[25, 25, 25]",3,102,1,0.5,726,16,726,726,0,0,8.88178e-16,8.88178e-16
mnist,"[25, 25, 25]",3,102,1,1,726,16,726,726,0,0,8.88178e-16,8.88178e-16
mnist,"[25, 25, 25]",3,102,2,0.1,2673,16,2603,2603,0,0,4.44089e-16,8.88178e-16
mnist,"[25, 25, 25]",3,102,2,0.3,2673,16,1358,1388,30,0.0112233,0.017644,0.00924186
mnist,"[25, 25, 25]",3,102,2,0.5,2673,16,847,864,17,0.0063599,0.0113678,0.00902959
mnist,"[25, 25, 25]",3,102,2,1,2673,16,677,681,4,0.00149645,0.00359551,0.0028377
mnist,"[25, 25, 25]",3,102,3,0.1,4640,16,4239,4247,8,0.00172414,0.00400376,0.00360542
mnist,"[25, 25, 25]",3,102,3,0.3,4640,16,1852,1893,41,0.00883621,0.0128631,0.0254003
mnist,"[25, 25, 25]",3,102,3,0.5,4640,16,925,955,30,0.00646552,0.0131978,0.0158557
mnist,"[25, 25, 25]",3,102,3,1,4640,16,546,553,7,0.00150862,0.00739276,0.00620024
mnist,"[25, 25, 25]",3,103,1,0.1,701,16,701,701,0,0,2.44249e-15,2.88658e-15
mnist,"[25, 25, 25]",3,103,1,0.3,701,16,701,701,0,0,2.44249e-15,2.88658e-15
mnist,"[25, 25, 25]",3,103,1,0.5,701,16,701,701,0,0,2.44249e-15,2.88658e-15
mnist,"[25, 25, 25]",3,103,1,1,701,16,701,701,0,0,2.44249e-15,2.88658e-15
mnist,"[25, 25, 25]",3,103,2,0.1,2299,16,2043,2052,9,0.00391475,0.00250288,0.00489148
mnist,"[25, 25, 25]",3,103,2,0.3,2299,16,948,973,25,0.0108743,0.0136681,0.011318
mnist,"[25, 25, 25]",3,103,2,0.5,2299,16,571,592,21,0.00913441,0.0153731,0.00902029
mnist,"[25, 25, 25]",3,103,2,1,2299,16,439,442,3,0.00130492,0.00191663,0.00159462
mnist,"[25, 25, 25]",3,103,3,0.1,4094,16,3553,3560,7,0.00170982,0.00383273,0.00381724
mnist,"[25, 25, 25]",3,103,3,0.3,4094,16,1596,1625,29,0.00708354,0.0142267,0.0146215
mnist,"[25, 25, 25]",3,103,3,0.5,4094,16,807,825,18,0.00439668,0.0100605,0.0125902
mnist,"[25, 25, 25]",3,103,3,1,4094,16,440,451,11,0.00268686,0.0309717,0.0283749
mnist,"[25, 25, 25]",3,104,1,0.1,732,16,732,732,0,0,1.33227e-15,1.33227e-15
mnist,"[25, 25, 25]",3,104,1,0.3,732,16,732,732,0,0,1.33227e-15,1.33227e-15
mnist,"[25, 25, 25]",3,104,1,0.5,732,16,732,732,0,0,1.33227e-15,1.33227e-15
mnist,"[25, 25, 25]",3,104,1,1,732,16,732,732,0,0,1.33227e-15,1.33227e-15
mnist,"[25, 25, 25]",3,104,2,0.1,2629,16,2520,2523,3,0.00114112,0.000911667,0.00179201
mnist,"[25, 25, 25]",3,104,2,0.3,2629,16,1378,1404,26,0.00988969,0.00980275,0.0139191
mnist,"[25, 25, 25]",3,104,2,0.5,2629,16,835,855,20,0.00760746,0.010727,0.0108535
mnist,"[25, 25, 25]",3,104,2,1,2629,16,642,644,2,0.000760746,0.00137737,0.00130418
mnist,"[25, 25, 25]",3,104,3,0.1,4713,16,4261,4278,17,0.00360704,0.00389991,0.00861905
mnist,"[25, 25, 25]",3,104,3,0.3,4713,16,1797,1846,49,0.0103968,0.0194195,0.0129989
mnist,"[25, 25, 25]",3,104,3,0.5,4713,16,929,978,49,0.0103968,0.0185399,0.0164139
mnist,"[25, 25, 25]",3,104,3,1,4713,16,590,599,9,0.00190961,0.0121862,0.00865334
mnist,"[25, 25, 25]",3,105,1,0.1,692,16,692,692,0,0,5.55112e-15,5.32907e-15
mnist,"[25, 25, 25]",3,105,1,0.3,692,16,692,692,0,0,5.55112e-15,5.32907e-15
mnist,"[25, 25, 25]",3,105,1,0.5,692,16,692,692,0,0,5.55112e-15,5.32907e-15
mnist,"[25, 25, 25]",3,105,1,1,692,16,692,692,0,0,5.55112e-15,5.32907e-15
mnist,"[25, 25, 25]",3,105,2,0.1,2531,16,2490,2491,1,0.000395101,0.00102907,0.000978035
mnist,"[25, 25, 25]",3,105,2,0.3,2531,16,1403,1438,35,0.0138285,0.017082,0.0136443
mnist,"[25, 25, 25]",3,105,2,0.5,2531,16,849,882,33,0.0130383,0.0146291,0.0180327
mnist,"[25, 25, 25]",3,105,2,1,2531,16,619,625,6,0.0023706,0.00544381,0.00274534
mnist,"[25, 25, 25]",3,105,3,0.1,4412,16,3899,3911,12,0.00271985,0.00159708,0.00671283
mnist,"[25, 25, 25]",3,105,3,0.3,4412,16,1877,1903,26,0.00589302,0.0148089,0.0159336
mnist,"[25, 25, 25]",3,105,3,0.5,4412,16,948,980,32,0.00725295,0.0152413,0.0224439
mnist,"[25, 25, 25]",3,105,3,1,4412,16,512,522,10,0.00226655,0.0113385,0.0106892
mnist,"[25, 25, 25]",4,101,1,0.1,1576,16,1576,1576,0,0,2.66454e-15,2.88658e-15
mnist,"[25, 25, 25]",4,101,1,0.3,1576,16,1576,1576,0,0,2.66454e-15,2.88658e-15
mnist,"[25, 25, 25]",4,101,1,0.5,1576,16,1576,1576,0,0,2.66454e-15,2.88658e-15
mnist,"[25, 25, 25]",4,101,1,1,1576,16,1576,1576,0,0,2.66454e-15,2.88658e-15
mnist,"[25, 25, 25]",4,101,2,0.1,4858,16,4703,4706,3,0.000617538,0.000546614,0.00141881
mnist,"[25, 25, 25]",4,101,2,0.3,4858,16,2608,2651,43,0.00885138,0.016218,0.0296955
mnist,"[25, 25, 25]",4,101,2,0.5,4858,16,1511,1539,28,0.00576369,0.0108426,0.0132608
mnist,"[25, 25, 25]",4,101,2,1,4858,16,1115,1117,2,0.000411692,0.000356149,0.000942277
mnist,"[25, 25, 25]",4,101,3,0.1,7433,16,7241,7246,5,0.000672676,0.000801569,0.00296782
mnist,"[25, 25, 25]",4,101,3,0.3,7433,16,4290,4334,44,0.00591955,0.0111095,0.0257629
mnist,"[25, 25, 25]",4,101,3,0.5,7433,16,2270,2305,35,0.00470873,0.0127634,0.0190992
mnist,"[25, 25, 25]",4,101,3,1,7433,16,1292,1312,20,0.0026907,0.00693431,0.00905432
mnist,"[25, 25, 25]",4,102,1,0.1,1469,16,1469,1469,0,0,2.66454e-15,2.66454e-15
mnist,"[25, 25, 25]",4,102,1,0.3,1469,16,1469,1469,0,0,2.66454e-15,2.66454e-15
mnist,"[25, 25, 25]",4,102,1,0.5,1469,16,1469,1469,0,0,2.66454e-15,2.66454e-15
mnist,"[25, 25, 25]",4,102,1,1,1469,16,1469,1469,0,0,2.66454e-15,2.66454e-15
mnist,"[25, 25, 25]",4,102,2,0.1,4996,16,4742,4746,4,0.000800641,0.00179183,0.00230064
mnist,"[25, 25, 25]",4,102,2,0.3,4996,16,2488,2531,43,0.00860689,0.0169064,0.025461
mnist,"[25, 25, 25]",4,102,2,0.5,4996,16,1482,1494,12,0.00240192,0.00929705,0.00736186
mnist,"[25, 25, 25]",4,102,2,1,4996,16,1298,1298,0,0,4.44089e-15,4.88498e-15
mnist,"[25, 25, 25]",4,102,3,0.1,7763,16,7505,7508,3,0.000386449,0.00103904,0.00199639
mnist,"[25, 25, 25]",4,102,3,0.3,7763,16,4325,4377,52,0.00669844,0.0136455,0.0219732
mnist,"[25, 25, 25]",4,102,3,0.5,7763,16,2472,2507,35,0.00450857,0.0136727,0.0194619
mnist,"[25, 25, 25]",4,102,3,1,7763,16,1583,1595,12,0.00154579,0.00772085,0.00541047
mnist,"[25, 25, 25]",4,103,1,0.1,1549,16,1549,1549,0,0,8.88178e-16,1.11022e-15
mnist,"[25, 25, 25]",4,103,1,0.3,1549,16,1549,1549,0,0,8.88178e-16,1.11022e-15
mnist,"[25, 25, 25]",4,103,1,0.5,1549,16,1549,1549,0,0,8.88178e-16,1.11022e-15
mnist,"[25, 25, 25]",4,103,1,1,1549,16,1549,1549,0,0,8.88178e-16,1.11022e-15
mnist,"[25, 25, 25]",4,103,2,0.1,4977,16,4783,4786,3,0.000602773,0.000528243,0.00176412
mnist,"[25, 25, 25]",4,103,2,0.3,4977,16,2465,2518,53,0.010649,0.0178848,0.0256215
mnist,"[25, 25, 25]",4,103,2,0.5,4977,16,1396,1431,35,0.00703235,0.0103829,0.0212631
mnist,"[25, 25, 25]",4,103,2,1,4977,16,1099,1099,0,0,2.66454e-15,2.66454e-15
mnist,"[25, 25, 25]",4,103,3,0.1,7314,16,6999,7002,3,0.000410172,0.00100568,0.00236417
mnist,"[25, 25, 25]",4,103,3,0.3,7314,16,3962,4001,39,0.00533224,0.0136393,0.0177419
mnist,"[25, 25, 25]",4,103,3,0.5,7314,16,2020,2057,37,0.00505879,0.0188466,0.020091
mnist,"[25, 25, 25]",4,103,3,1,7314,16,1079,1086,7,0.000957069,0.0106528,0.00983809
mnist,"[25, 25, 25]",4,104,1,0.1,1473,16,1473,1473,0,0,2.66454e-15,2.66454e-15
mnist,"[25, 25, 25]",4,104,1,0.3,1473,16,1473,1473,0,0,2.66454e-15,2.66454e-15
mnist,"[25, 25, 25]",4,104,1,0.5,1473,16,1473,1473,0,0,2.66454e-15,2.66454e-15
mnist,"[25, 25, 25]",4,104,1,1,1473,16,1473,1473,0,0,2.66454e-15,2.66454e-15
mnist,"[25, 25, 25]",4,104,2,0.1,4546,16,4365,4371,6,0.00131984,0.00176839,0.00411051
mnist,"[25, 25, 25]",4,104,2,0.3,4546,16,2261,2310,49,0.0107787,0.0166952,0.0346922
mnist,"[25, 25, 25]",4,104,2,0.5,4546,16,1355,1384,29,0.00637923,0.0362861,0.0408306
mnist,"[25, 25, 25]",4,104,2,1,4546,16,1060,1066,6,0.00131984,0.0137036,0.0129817
mnist,"[25, 25, 25]",4,104,3,0.1,7143,16,6737,6745,8,0.00111998,0.00152451,0.00473132
mnist,"[25, 25, 25]",4,104,3,0.3,7143,16,3854,3895,41,0.00573989,0.0174627,0.0252619
mnist,"[25, 25, 25]",4,104,3,0.5,7143,16,1971,2005,34,0.0047599,0.0134648,0.0191581
mnist,"[25, 25, 25]",4,104,3,1,7143,16,1034,1045,11,0.00153997,0.00876004,0.0100585
mnist,"[25, 25, 25]",4,105,1,0.1,1284,16,1284,1284,0,0,2.66454e-15,2.66454e-15
mnist,"[25, 25, 25]",4,105,1,0.3,1284,16,1284,1284,0,0,2.66454e-15,2.66454e-15
mnist,"[25, 25, 25]",4,105,1,0.5,1284,16,1284,1284,0,0,2.66454e-15,2.66454e-15
mnist,"[25, 25, 25]",4,105,1,1,1284,16,1284,1284,0,0,2.66454e-15,2.66454e-15
mnist,"[25, 25, 25]",4,105,2,0.1,4503,16,4473,4473,0,0,0,0
mnist,"[25, 25, 25]",4,105,2,0.3,4503,16,2589,2640,51,0.0113258,0.0204179,0.0178006
mnist,"[25, 25, 25]",4,105,2,0.5,4503,16,1612,1634,22,0.00488563,0.015622,0.0139692
mnist,"[25, 25, 25]",4,105,2,1,4503,16,1295,1295,0,0,3.9968e-15,3.9968e-15
mnist,"[25, 25, 25]",4,105,3,0.1,7058,16,6825,6833,8,0.00113347,0.000937392,0.00477464
mnist,"[25, 25, 25]",4,105,3,0.3,7058,16,4045,4086,41,0.00580901,0.0126549,0.0235178
mnist,"[25, 25, 25]",4,105,3,0.5,7058,16,2155,2186,31,0.00439218,0.0124135,0.0148011
mnist,"[25, 25, 25]",4,105,3,1,7058,16,1149,1165,16,0.00226693,0.00886011,0.0142071
mnist,"[25, 25, 25]",5,101,1,0.1,2261,16,2261,2261,0,0,3.9968e-15,3.77476e-15
mnist,"[25, 25, 25]",5,101,1,0.3,2261,16,2261,2261,0,0,3.9968e-15,3.77476e-15
mnist,"[25, 25, 25]",5,101,1,0.5,2261,16,2261,2261,0,0,3.9968e-15,3.77476e-15
mnist,"[25, 25, 25]",5,101,1,1,2261,16,2261,2261,0,0,3.9968e-15,3.77476e-15
mnist,"[25, 25, 25]",5,101,2,0.1,6438,16,6326,6328,2,0.000310655,9.98655e-06,0.00128844
mnist,"[25, 25, 25]",5,101,2,0.3,6438,16,3614,3668,54,0.0083877,0.0126822,0.026774
mnist,"[25, 25, 25]",5,101,2,0.5,6438,16,2098,2126,28,0.00434918,0.00929539,0.0123557
mnist,"[25, 25, 25]",5,101,2,1,6438,16,1672,1672,0,0,4.88498e-15,4.66294e-15
mnist,"[25, 25, 25]",5,101,3,0.1,8844,16,8707,8711,4,0.000452284,0.000124511,0.00252136
mnist,"[25, 25, 25]",5,101,3,0.3,8844,16,5987,6023,36,0.00407056,0.00735979,0.0262807
mnist,"[25, 25, 25]",5,101,3,0.5,8844,16,3457,3485,28,0.00316599,0.0125863,0.020098
mnist,"[25, 25, 25]",5,101,3,1,8844,16,2098,2104,6,0.000678426,0.00363648,0.00449779
mnist,"[25, 25, 25]",5,102,1,0.1,2578,16,2578,2578,0,0,2.66454e-15,2.55351e-15
mnist,"[25, 25, 25]",5,102,1,0.3,2578,16,2578,2578,0,0,2.66454e-15,2.55351e-15
mnist,"[25, 25, 25]",5,102,1,0.5,2578,16,2578,2578,0,0,2.66454e-15,2.55351e-15
mnist,"[25, 25, 25]",5,102,1,1,2578,16,2578,2578,0,0,2.66454e-15,2.55351e-15
mnist,"[25, 25, 25]",5,102,2,0.1,6808,16,6792,6792,0,0,0,0
mnist,"[25, 25, 25]",5,102,2,0.3,6808,16,4418,4450,32,0.00470035,0.0129251,0.0164312
mnist,"[25, 25, 25]",5,102,2,0.5,6808,16,2743,2790,47,0.00690364,0.0167951,0.0170111
mnist,"[25, 25, 25]",5,102,2,1,6808,16,2032,2041,9,0.00132197,0.00227316,0.00690069
mnist,"[25, 25, 25]",5,102,3,0.1,8752,16,8651,8651,0,0,2.66454e-15,3.55271e-15
mnist,"[25, 25, 25]",5,102,3,0.3,8752,16,6149,6201,52,0.0059415,0.00715593,0.0268531
mnist,"[25, 25, 25]",5,102,3,0.5,8752,16,3292,3346,54,0.00617002,0.0102657,0.0336383
mnist,"[25, 25, 25]",5,102,3,1,8752,16,1431,1448,17,0.00194241,0.0104275,0.00937119
mnist,"[25, 25, 25]",5,103,1,0.1,2157,16,2157,2157,0,0,3.9968e-15,3.9968e-15
mnist,"[25, 25, 25]",5,103,1,0.3,2157,16,2157,2157,0,0,3.9968e-15,3.9968e-15
mnist,"[25, 25, 25]",5,103,1,0.5,2157,16,2157,2157,0,0,3.9968e-15,3.9968e-15
mnist,"[25, 25, 25]",5,103,1,1,2157,16,2157,2157,0,0,3.9968e-15,3.9968e-15
mnist,"[25, 25, 25]",5,103,2,0.1,6475,16,6413,6414,1,0.00015444,0.000324511,0.000449213
mnist,"[25, 25, 25]",5,103,2,0.3,6475,16,3856,3904,48,0.00741313,0.0130606,0.0221437
mnist,"[25, 25, 25]",5,103,2,0.5,6475,16,2272,2316,44,0.00679537,0.0125895,0.0199753
mnist,"[25, 25, 25]",5,103,2,1,6475,16,1588,1594,6,0.000926641,0.00198332,0.00290541
mnist,"[25, 25, 25]",5,103,3,0.1,8507,16,8347,8350,3,0.000352651,0.000636453,0.00158667
mnist,"[25, 25, 25]",5,103,3,0.3,8507,16,5615,5658,43,0.00505466,0.0101795,0.0236098
mnist,"[25, 25, 25]",5,103,3,0.5,8507,16,3004,3059,55,0.00646526,0.0151494,0.0294589
mnist,"[25, 25, 25]",5,103,3,1,8507,16,1297,1318,21,0.00246856,0.0166056,0.0156356
mnist,"[25, 25, 25]",5,104,1,0.1,2624,16,2624,2624,0,0,8.88178e-16,8.88178e-16
mnist,"[25, 25, 25]",5,104,1,0.3,2624,16,2624,2624,0,0,8.88178e-16,8.88178e-16
mnist,"[25, 25, 25]",5,104,1,0.5,2624,16,2624,2624,0,0,8.88178e-16,8.88178e-16
mnist,"[25, 25, 25]",5,104,1,1,2624,16,2624,2624,0,0,8.88178e-16,8.88178e-16
mnist,"[25, 25, 25]",5,104,2,0.1,6665,16,6665,6665,0,0,5.32907e-15,5.32907e-15
mnist,"[25, 25, 25]",5,104,2,0.3,6665,16,4210,4294,84,0.0126032,0.0182583,0.0362756
mnist,"[25, 25, 25]",5,104,2,0.5,6665,16,2273,2307,34,0.00510128,0.0136416,0.0214322
mnist,"[25, 25, 25]",5,104,2,1,6665,16,1400,1408,8,0.0012003,0.00452587,0.00590064
mnist,"[25, 25, 25]",5,104,3,0.1,8767,16,8724,8724,0,0,5.32907e-15,5.77316e-15
mnist,"[25, 25, 25]",5,104,3,0.3,8767,16,6473,6508,35,0.00399224,0.00744402,0.021626
mnist,"[25, 25, 25]",5,104,3,0.5,8767,16,3829,3861,32,0.00365005,0.012833,0.0262531
mnist,"[25, 25, 25]",5,104,3,1,8767,16,1744,1766,22,0.00250941,0.0124498,0.0109584
mnist,"[25, 25, 25]",5,105,1,0.1,2269,16,2269,2269,0,0,1.33227e-15,1.33227e-15
mnist,"[25, 25, 25]",5,105,1,0.3,2269,16,2269,2269,0,0,1.33227e-15,1.33227e-15
mnist,"[25, 25, 25]",5,105,1,0.5,2269,16,2269,2269,0,0,1.33227e-15,1.33227e-15
mnist,"[25, 25, 25]",5,105,1,1,2269,16,2269,2269,0,0,1.33227e-15,1.33227e-15
mnist,"[25, 25, 25]",5,105,2,0.1,6683,16,6524,6528,4,0.000598534,0.000642946,0.00211745
mnist,"[25, 25, 25]",5,105,2,0.3,6683,16,3822,3871,49,0.00733204,0.0171269,0.022551
mnist,"[25, 25, 25]",5,105,2,0.5,6683,16,2293,2332,39,0.0058357,0.0130371,0.0268227
mnist,"[25, 25, 25]",5,105,2,1,6683,16,1841,1847,6,0.0008978,0.00160941,0.00234828
mnist,"[25, 25, 25]",5,105,3,0.1,8843,16,8719,8721,2,0.000226168,0.000324511,0.00117391
mnist,"[25, 25, 25]",5,105,3,0.3,8843,16,6151,6195,44,0.00497569,0.00406057,0.027347
mnist,"[25, 25, 25]",5,105,3,0.5,8843,16,3669,3700,31,0.0035056,0.00938499,0.01438
mnist,"[25, 25, 25]",5,105,3,1,8843,16,2086,2100,14,0.00158317,0.00467296,0.0067865
mnist,"[25, 25, 25]",10,101,1,0.1,4424,16,4424,4424,0,0,7.99361e-15,7.99361e-15
mnist,"[25, 25, 25]",10,101,1,0.3,4424,16,4424,4424,0,0,7.99361e-15,7.99361e-15
mnist,"[25, 25, 25]",10,101,1,0.5,4424,16,4424,4424,0,0,7.99361e-15,7.99361e-15
mnist,"[25, 25, 25]",10,101,1,1,4424,16,4424,4424,0,0,7.99361e-15,7.99361e-15
mnist,"[25, 25, 25]",10,101,2,0.1,8821,16,8821,8821,0,0,5.32907e-15,4.44089e-15
mnist,"[25, 25, 25]",10,101,2,0.3,8821,16,7538,7563,25,0.00283415,0.00285121,0.0154389
mnist,"[25, 25, 25]",10,101,2,0.5,8821,16,5590,5622,32,0.00362771,0.00706708,0.0212645
mnist,"[25, 25, 25]",10,101,2,1,8821,16,4396,4396,0,0,5.77316e-15,5.30131e-15
mnist,"[25, 25, 25]",10,101,3,0.1,9612,16,9610,9610,0,0,2.66454e-15,2.66454e-15
mnist,"[25, 25, 25]",10,101,3,0.3,9612,16,8735,8760,25,0.00260092,0.00136703,0.0165542
mnist,"[25, 25, 25]",10,101,3,0.5,9612,16,6400,6440,40,0.00416146,0.00849004,0.0238552
mnist,"[25, 25, 25]",10,101,3,1,9612,16,2229,2256,27,0.00280899,0.0115212,0.0219646
mnist,"[25, 25, 25]",10,102,1,0.1,4206,16,4206,4206,0,0,3.9968e-15,4.80171e-15
mnist,"[25, 25, 25]",10,102,1,0.3,4206,16,4206,4206,0,0,3.9968e-15,4.80171e-15
mnist,"[25, 25, 25]",10,102,1,0.5,4206,16,4206,4206,0,0,3.9968e-15,4.80171e-15
mnist,"[25, 25, 25]",10,102,1,1,4206,16,4206,4206,0,0,3.9968e-15,4.80171e-15
mnist,"[25, 25, 25]",10,102,2,0.1,8464,16,8464,8464,0,0,7.99361e-15,7.99361e-15
mnist,"[25, 25, 25]",10,102,2,0.3,8464,16,6435,6471,36,0.00425331,0.00723615,0.0193971
mnist,"[25, 25, 25]",10,102,2,0.5,8464,16,3802,3851,49,0.00578922,0.0160202,0.0292046
mnist,"[25, 25, 25]",10,102,2,1,8464,16,2783,2785,2,0.000236295,0.00307227,0.00232179
mnist,"[25, 25, 25]",10,102,3,0.1,9575,16,9561,9561,0,0,1.77636e-15,2.22045e-15
mnist,"[25, 25, 25]",10,102,3,0.3,9575,16,8683,8707,24,0.00250653,0.00143645,0.0157604
mnist,"[25, 25, 25]",10,102,3,0.5,9575,16,6438,6462,24,0.00250653,0.0055056,0.0178406
mnist,"[25, 25, 25]",10,102,3,1,9575,16,3225,3244,19,0.00198433,0.0060184,0.0117908
mnist,"[25, 25, 25]",10,103,1,0.1,4775,16,4775,4775,0,0,7.99361e-15,7.99361e-15
mnist,"[25, 25, 25]",10,103,1,0.3,4775,16,4775,4775,0,0,7.99361e-15,7.99361e-15
mnist,"[25, 25, 25]",10,103,1,0.5,4775,16,4775,4775,0,0,7.99361e-15,7.99361e-15
mnist,"[25, 25, 25]",10,103,1,1,4775,16,4775,4775,0,0,7.99361e-15,7.99361e-15
mnist,"[25, 25, 25]",10,103,2,0.1,8806,16,8806,8806,0,0,2.66454e-15,2.66454e-15
mnist,"[25, 25, 25]",10,103,2,0.3,8806,16,7768,7799,31,0.00352033,0.00408181,0.0170755
mnist,"[25, 25, 25]",10,103,2,0.5,8806,16,5637,5679,42,0.00476948,0.00620048,0.0260383
mnist,"[25, 25, 25]",10,103,2,1,8806,16,3565,3576,11,0.00124915,0.00252295,0.00529627
mnist,"[25, 25, 25]",10,103,3,0.1,9440,16,9436,9436,0,0,5.77316e-15,5.32907e-15
mnist,"[25, 25, 25]",10,103,3,0.3,9440,16,8719,8735,16,0.00169492,0.0026197,0.00944452
mnist,"[25, 25, 25]",10,103,3,0.5,9440,16,6575,6618,43,0.00455508,0.0117836,0.0274903
mnist,"[25, 25, 25]",10,103,3,1,9440,16,2112,2159,47,0.00497881,0.0166421,0.0209951
mnist,"[25, 25, 25]",10,104,1,0.1,5297,16,5297,5297,0,0,2.22045e-15,2.22045e-15
mnist,"[25, 25, 25]",10,104,1,0.3,5297,16,5297,5297,0,0,2.22045e-15,2.22045e-15
mnist,"[25, 25, 25]",10,104,1,0.5,5297,16,5297,5297,0,0,2.22045e-15,2.22045e-15
mnist,"[25, 25, 25]",10,104,1,1,5297,16,5297,5297,0,0,2.22045e-15,2.22045e-15
mnist,"[25, 25, 25]",10,104,2,0.1,8895,16,8895,8895,0,0,5.32907e-15,5.32907e-15
mnist,"[25, 25, 25]",10,104,2,0.3,8895,16,7708,7736,28,0.00314784,0.0045898,0.0186726
mnist,"[25, 25, 25]",10,104,2,0.5,8895,16,5457,5512,55,0.00618325,0.00952361,0.0287933
mnist,"[25, 25, 25]",10,104,2,1,8895,16,3926,3930,4,0.000449691,0.000676323,0.0024779
mnist,"[25, 25, 25]",10,104,3,0.1,9512,16,9509,9509,0,0,1.77636e-15,2.66454e-15
mnist,"[25, 25, 25]",10,104,3,0.3,9512,16,8862,8873,11,0.00115643,0.000675489,0.00751878
mnist,"[25, 25, 25]",10,104,3,0.5,9512,16,7030,7069,39,0.00410008,0.00872673,0.0261459
mnist,"[25, 25, 25]",10,104,3,1,9512,16,3572,3595,23,0.002418,0.00760559,0.0106125
mnist,"[25, 25, 25]",10,105,1,0.1,4604,16,4604,4604,0,0,2.22045e-15,2.19963e-15
mnist,"[25, 25, 25]",10,105,1,0.3,4604,16,4604,4604,0,0,2.22045e-15,2.19963e-15
mnist,"[25, 25, 25]",10,105,1,0.5,4604,16,4604,4604,0,0,2.22045e-15,2.19963e-15
mnist,"[25, 25, 25]",10,105,1,1,4604,16,4604,4604,0,0,2.22045e-15,2.19963e-15
mnist,"[25, 25, 25]",10,105,2,0.1,8731,16,8721,8721,0,0,7.99361e-15,7.99361e-15
mnist,"[25, 25, 25]",10,105,2,0.3,8731,16,7346,7373,27,0.00309243,0.00336469,0.0170934
mnist,"[25, 25, 25]",10,105,2,0.5,8731,16,5099,5133,34,0.00389417,0.00976207,0.0211752
mnist,"[25, 25, 25]",10,105,2,1,8731,16,3576,3582,6,0.000687207,0.00167432,0.00302624
mnist,"[25, 25, 25]",10,105,3,0.1,9541,16,9534,9534,0,0,3.10862e-15,2.66454e-15
mnist,"[25, 25, 25]",10,105,3,0.3,9541,16,8774,8792,18,0.00188659,0.00132895,0.0116455
mnist,"[25, 25, 25]",10,105,3,0.5,9541,16,6758,6803,45,0.00471649,0.00624085,0.026377
mnist,"[25, 25, 25]",10,105,3,1,9541,16,3069,3107,38,0.00398281,0.0102207,0.0154762
mnist,"[25, 25, 25]",15,101,1,0.1,5375,16,5375,5375,0,0,2.66454e-15,2.72005e-15
mnist,"[25, 25, 25]",15,101,1,0.3,5375,16,5375,5375,0,0,2.66454e-15,2.72005e-15
mnist,"[25, 25, 25]",15,101,1,0.5,5375,16,5375,5375,0,0,2.66454e-15,2.72005e-15
mnist,"[25, 25, 25]",15,101,1,1,5375,16,5375,5375,0,0,2.66454e-15,2.72005e-15
mnist,"[25, 25, 25]",15,101,2,0.1,9222,16,9222,9222,0,0,3.10862e-15,2.66454e-15
mnist,"[25, 25, 25]",15,101,2,0.3,9222,16,7882,7913,31,0.00336153,0.00315615,0.0191547
mnist,"[25, 25, 25]",15,101,2,0.5,9222,16,5466,5507,41,0.00444589,0.00928239,0.0220936
mnist,"[25, 25, 25]",15,101,2,1,9222,16,3825,3827,2,0.000216873,0.000911394,0.00111158
mnist,"[25, 25, 25]",15,101,3,0.1,9814,16,9809,9809,0,0,1.77636e-15,2.22045e-15
mnist,"[25, 25, 25]",15,101,3,0.3,9814,16,9229,9245,16,0.00163032,0.000675489,0.0105119
mnist,"[25, 25, 25]",15,101,3,0.5,9814,16,7197,7233,36,0.00366823,0.00469896,0.023635
mnist,"[25, 25, 25]",15,101,3,1,9814,16,2819,2842,23,0.00234359,0.0125094,0.020803
mnist,"[25, 25, 25]",15,102,1,0.1,5769,16,5769,5769,0,0,5.32907e-15,5.32907e-15
mnist,"[25, 25, 25]",15,102,1,0.3,5769,16,5769,5769,0,0,5.32907e-15,5.32907e-15
mnist,"[25, 25, 25]",15,102,1,0.5,5769,16,5769,5769,0,0,5.32907e-15,5.32907e-15
mnist,"[25, 25, 25]",15,102,1,1,5769,16,5769,5769,0,0,5.32907e-15,5.32907e-15
mnist,"[25, 25, 25]",15,102,2,0.1,9145,16,9145,9145,0,0,5.32907e-15,5.32907e-15
mnist,"[25, 25, 25]",15,102,2,0.3,9145,16,7938,7973,35,0.00382723,0.0033542,0.02394
mnist,"[25, 25, 25]",15,102,2,0.5,9145,16,5768,5809,41,0.00448332,0.00878447,0.0202029
mnist,"[25, 25, 25]",15,102,2,1,9145,16,4367,4369,2,0.000218699,0.000434852,0.00129179
mnist,"[25, 25, 25]",15,102,3,0.1,9622,16,9622,9622,0,0,5.32907e-15,5.32907e-15
mnist,"[25, 25, 25]",15,102,3,0.3,9622,16,9032,9051,19,0.00197464,0.000190311,0.0122472
mnist,"[25, 25, 25]",15,102,3,0.5,9622,16,7203,7243,40,0.00415714,0.0041755,0.0229291
mnist,"[25, 25, 25]",15,102,3,1,9622,16,2697,2725,28,0.00291,0.0204643,0.013836
mnist,"[25, 25, 25]",15,103,1,0.1,5019,16,5019,5019,0,0,4.88498e-15,4.94049e-15
mnist,"[25, 25, 25]",15,103,1,0.3,5019,16,5019,5019,0,0,4.88498e-15,4.94049e-15
mnist,"[25, 25, 25]",15,103,1,0.5,5019,16,5019,5019,0,0,4.88498e-15,4.94049e-15
mnist,"[25, 25, 25]",15,103,1,1,5019,16,5019,5019,0,0,4.88498e-15,4.94049e-15
mnist,"[25, 25, 25]",15,103,2,0.1,8568,16,8568,8568,0,0,4.88498e-15,4.88498e-15
mnist,"[25, 25, 25]",15,103,2,0.3,8568,16,7234,7269,35,0.00408497,0.00736846,0.0202851
mnist,"[25, 25, 25]",15,103,2,0.5,8568,16,4520,4556,36,0.00420168,0.0163905,0.0191878
mnist,"[25, 25, 25]",15,103,2,1,8568,16,2462,2470,8,0.000933707,0.00163943,0.00492017
mnist,"[25, 25, 25]",15,103,3,0.1,9487,16,9480,9481,1,0.000105407,5.32907e-15,0.000649213
mnist,"[25, 25, 25]",15,103,3,0.3,9487,16,8727,8745,18,0.00189733,0.00119989,0.012187
mnist,"[25, 25, 25]",15,103,3,0.5,9487,16,6695,6743,48,0.00505956,0.00697843,0.032982
mnist,"[25, 25, 25]",15,103,3,1,9487,16,2886,2918,32,0.00337304,0.00823479,0.018604
mnist,"[25, 25, 25]",15,104,1,0.1,5697,16,5697,5697,0,0,6.21725e-15,5.32907e-15
mnist,"[25, 25, 25]",15,104,1,0.3,5697,16,5697,5697,0,0,6.21725e-15,5.32907e-15
mnist,"[25, 25, 25]",15,104,1,0.5,5697,16,5697,5697,0,0,6.21725e-15,5.32907e-15
mnist,"[25, 25, 25]",15,104,1,1,5697,16,5697,5697,0,0,6.21725e-15,5.32907e-15
mnist,"[25, 25, 25]",15,104,2,0.1,8958,16,8958,8958,0,0,1.77636e-15,2.22045e-15
mnist,"[25, 25, 25]",15,104,2,0.3,8958,16,7537,7574,37,0.00413039,0.00728634,0.0235492
mnist,"[25, 25, 25]",15,104,2,0.5,8958,16,5065,5130,65,0.00725608,0.0129914,0.0329676
mnist,"[25, 25, 25]",15,104,2,1,8958,16,3656,3657,1,0.000111632,3.4144e-05,0.00063315
mnist,"[25, 25, 25]",15,104,3,0.1,9643,16,9641,9641,0,0,4.88498e-15,4.88498e-15
mnist,"[25, 25, 25]",15,104,3,0.3,9643,16,9056,9073,17,0.00176294,0.00105959,0.0108366
mnist,"[25, 25, 25]",15,104,3,0.5,9643,16,7369,7399,30,0.00311107,0.00387291,0.0186379
mnist,"[25, 25, 25]",15,104,3,1,9643,16,4083,4100,17,0.00176294,0.00432581,0.0103487
mnist,"[25, 25, 25]",15,105,1,0.1,5483,16,5483,5483,0,0,2.22045e-15,2.27596e-15
mnist,"[25, 25, 25]",15,105,1,0.3,5483,16,5483,5483,0,0,2.22045e-15,2.27596e-15
mnist,"[25, 25, 25]",15,105,1,0.5,5483,16,5483,5483,0,0,2.22045e-15,2.27596e-15
mnist,"[25, 25, 25]",15,105,1,1,5483,16,5483,5483,0,0,2.22045e-15,2.27596e-15
mnist,"[25, 25, 25]",15,105,2,0.1,9071,16,9071,9071,0,0,4.44089e-15,4.44089e-15
mnist,"[25, 25, 25]",15,105,2,0.3,9071,16,8018,8045,27,0.00297652,0.0024605,0.0167252
mnist,"[25, 25, 25]",15,105,2,0.5,9071,16,5815,5859,44,0.00485062,0.00858707,0.0242423
mnist,"[25, 25, 25]",15,105,2,1,9071,16,4149,4150,1,0.000110241,3.9968e-15,0.000649213
mnist,"[25, 25, 25]",15,105,3,0.1,9685,16,9685,9685,0,0,0,0
mnist,"[25, 25, 25]",15,105,3,0.3,9685,16,9003,9026,23,0.00237481,0.000439036,0.0145584
mnist,"[25, 25, 25]",15,105,3,0.5,9685,16,6903,6946,43,0.00443986,0.00659574,0.0285064
mnist,"[25, 25, 25]",15,105,3,1,9685,16,2307,2335,28,0.00289107,0.0120746,0.0160886
mnist,"[25, 25, 25]",20,101,1,0.1,6679,16,6679,6679,0,0,2.66454e-15,2.66454e-15
mnist,"[25, 25, 25]",20,101,1,0.3,6679,16,6679,6679,0,0,2.66454e-15,2.66454e-15
mnist,"[25, 25, 25]",20,101,1,0.5,6679,16,6679,6679,0,0,2.66454e-15,2.66454e-15
mnist,"[25, 25, 25]",20,101,1,1,6679,16,6679,6679,0,0,2.66454e-15,2.66454e-15
mnist,"[25, 25, 25]",20,101,2,0.1,9457,16,9457,9457,0,0,4.88498e-15,4.88498e-15
mnist,"[25, 25, 25]",20,101,2,0.3,9457,16,8484,8516,32,0.00338374,0.00292004,0.0192406
mnist,"[25, 25, 25]",20,101,2,0.5,9457,16,6196,6241,45,0.00475838,0.00846259,0.0292498
mnist,"[25, 25, 25]",20,101,2,1,9457,16,3765,3773,8,0.000845934,0.00309456,0.00413587
mnist,"[25, 25, 25]",20,101,3,0.1,9922,16,9921,9921,0,0,0,0
mnist,"[25, 25, 25]",20,101,3,0.3,9922,16,9578,9593,15,0.00151179,4.44089e-15,0.00973819
mnist,"[25, 25, 25]",20,101,3,0.5,9922,16,8270,8306,36,0.0036283,0.00180778,0.0230065
mnist,"[25, 25, 25]",20,101,3,1,9922,16,3904,3933,29,0.0029228,0.0119609,0.0228612
mnist,"[25, 25, 25]",20,102,1,0.1,6875,16,6875,6875,0,0,7.99361e-15,7.32747e-15
mnist,"[25, 25, 25]",20,102,1,0.3,6875,16,6875,6875,0,0,7.99361e-15,7.32747e-15
mnist,"[25, 25, 25]",20,102,1,0.5,6875,16,6875,6875,0,0,7.99361e-15,7.32747e-15
mnist,"[25, 25, 25]",20,102,1,1,6875,16,6875,6875,0,0,7.99361e-15,7.32747e-15
mnist,"[25, 25, 25]",20,102,2,0.1,9182,16,9182,9182,0,0,2.66454e-15,2.66454e-15
mnist,"[25, 25, 25]",20,102,2,0.3,9182,16,8002,8031,29,0.00315835,0.00390138,0.0186938
mnist,"[25, 25, 25]",20,102,2,0.5,9182,16,5389,5438,49,0.00533653,0.00964353,0.0322632
mnist,"[25, 25, 25]",20,102,2,1,9182,16,2383,2405,22,0.00239599,0.0117027,0.0124998
mnist,"[25, 25, 25]",20,102,3,0.1,9726,16,9718,9718,0,0,0,0
mnist,"[25, 25, 25]",20,102,3,0.3,9726,16,9040,9056,16,0.00164508,0.00147549,0.0112364
mnist,"[25, 25, 25]",20,102,3,0.5,9726,16,6869,6909,40,0.00411269,0.00803038,0.027827
mnist,"[25, 25, 25]",20,102,3,1,9726,16,2292,2322,30,0.00308452,0.0269687,0.0340954
mnist,"[25, 25, 25]",20,103,1,0.1,6258,16,6258,6258,0,0,3.10862e-15,2.77556e-15
mnist,"[25, 25, 25]",20,103,1,0.3,6258,16,6258,6258,0,0,3.10862e-15,2.77556e-15
mnist,"[25, 25, 25]",20,103,1,0.5,6258,16,6258,6258,0,0,3.10862e-15,2.77556e-15
mnist,"[25, 25, 25]",20,103,1,1,6258,16,6258,6258,0,0,3.10862e-15,2.77556e-15
mnist,"[25, 25, 25]",20,103,2,0.1,9140,16,9140,9140,0,0,5.77316e-15,5.32907e-15
mnist,"[25, 25, 25]",20,103,2,0.3,9140,16,8130,8151,21,0.00229759,0.00268581,0.0138433
mnist,"[25, 25, 25]",20,103,2,0.5,9140,16,5834,5865,31,0.00339168,0.010728,0.0222195
mnist,"[25, 25, 25]",20,103,2,1,9140,16,3355,3366,11,0.0012035,0.00530406,0.0045256
mnist,"[25, 25, 25]",20,103,3,0.1,9806,16,9795,9795,0,0,1.77636e-15,2.22045e-15
mnist,"[25, 25, 25]",20,103,3,0.3,9806,16,9389,9407,18,0.00183561,0.000324511,0.0120103
mnist,"[25, 25, 25]",20,103,3,0.5,9806,16,7887,7918,31,0.00316133,0.00275115,0.0192289
mnist,"[25, 25, 25]",20,103,3,1,9806,16,3756,3789,33,0.00336529,0.00933331,0.0232227
mnist,"[25, 25, 25]",20,104,1,0.1,6547,16,6547,6547,0,0,4.88498e-15,4.88498e-15
mnist,"[25, 25, 25]",20,104,1,0.3,6547,16,6547,6547,0,0,4.88498e-15,4.88498e-15
mnist,"[25, 25, 25]",20,104,1,0.5,6547,16,6547,6547,0,0,4.88498e-15,4.88498e-15
mnist,"[25, 25, 25]",20,104,1,1,6547,16,6547,6547,0,0,4.88498e-15,4.88498e-15
mnist,"[25, 25, 25]",20,104,2,0.1,9347,16,9347,9347,0,0,2.66454e-15,2.66454e-15
mnist,"[25, 25, 25]",20,104,2,0.3,9347,16,8237,8264,27,0.00288863,0.00268924,0.0170272
mnist,"[25, 25, 25]",20,104,2,0.5,9347,16,5689,5731,42,0.00449342,0.0123788,0.0260779
mnist,"[25, 25, 25]",20,104,2,1,9347,16,3133,3142,9,0.000962876,0.00454392,0.00503325
mnist,"[25, 25, 25]",20,104,3,0.1,9874,16,9874,9874,0,0,4.88498e-15,3.9968e-15
mnist,"[25, 25, 25]",20,104,3,0.3,9874,16,9447,9466,19,0.00192425,5.32907e-15,0.012335
mnist,"[25, 25, 25]",20,104,3,0.5,9874,16,7931,7959,28,0.00283573,0.00326304,0.0192363
mnist,"[25, 25, 25]",20,104,3,1,9874,16,4186,4211,25,0.0025319,0.008066,0.0169058
mnist,"[25, 25, 25]",20,105,1,0.1,5305,16,5305,5305,0,0,2.22045e-15,2.72005e-15
mnist,"[25, 25, 25]",20,105,1,0.3,5305,16,5305,5305,0,0,2.22045e-15,2.72005e-15
mnist,"[25, 25, 25]",20,105,1,0.5,5305,16,5305,5305,0,0,2.22045e-15,2.72005e-15
mnist,"[25, 25, 25]",20,105,1,1,5305,16,5305,5305,0,0,2.22045e-15,2.72005e-15
mnist,"[25, 25, 25]",20,105,2,0.1,8947,16,8938,8938,0,0,3.10862e-15,2.66454e-15
mnist,"[25, 25, 25]",20,105,2,0.3,8947,16,7742,7778,36,0.0040237,0.00308659,0.0233693
mnist,"[25, 25, 25]",20,105,2,0.5,8947,16,5288,5317,29,0.00324131,0.00887384,0.0183216
mnist,"[25, 25, 25]",20,105,2,1,8947,16,2821,2831,10,0.00111769,0.00245835,0.0045613
mnist,"[25, 25, 25]",20,105,3,0.1,9626,16,9624,9624,0,0,4.88498e-15,5.32907e-15
mnist,"[25, 25, 25]",20,105,3,0.3,9626,16,8944,8964,20,0.00207771,0.000795214,0.0124333
mnist,"[25, 25, 25]",20,105,3,0.5,9626,16,6897,6939,42,0.00436318,0.00668709,0.0272183
mnist,"[25, 25, 25]",20,105,3,1,9626,16,2899,2922,23,0.00238936,0.0242391,0.0303701
mnist,"[3, 3, 3]",10,101,1,0.1,6,16,6,6,0,0,2.498e-15,2.60902e-15
mnist,"[3, 3, 3]",10,101,1,0.3,6,16,6,6,0,0,2.498e-15,2.60902e-15
mnist,"[3, 3, 3]",10,101,1,0.5,6,16,6,6,0,0,2.498e-15,2.60902e-15
mnist,"[3, 3, 3]",10,101,1,1,6,16,6,6,0,0,2.498e-15,2.60902e-15
mnist,"[3, 3, 3]",10,101,2,0.1,17,16,17,17,0,0,1.33227e-15,1.33227e-15
mnist,"[3, 3, 3]",10,101,2,0.3,17,16,16,16,0,0,6.66134e-16,6.66134e-16
mnist,"[3, 3, 3]",10,101,2,0.5,17,16,15,16,1,0.0588235,6.66134e-16,0.000649213
mnist,"[3, 3, 3]",10,101,2,1,17,16,7,7,0,0,0.238462,0.238462
mnist,"[3, 3, 3]",10,101,3,0.1,31,16,29,29,0,0,1.33227e-15,1.33227e-15
mnist,"[3, 3, 3]",10,101,3,0.3,31,16,24,24,0,0,1.33227e-15,1.33227e-15
mnist,"[3, 3, 3]",10,101,3,0.5,31,16,20,22,2,0.0645161,1.88738e-15,0.00129843
mnist,"[3, 3, 3]",10,101,3,1,31,16,8,11,3,0.0967742,0.23243,0.231131
mnist,"[3, 3, 3]",10,102,1,0.1,8,16,8,8,0,0,1.9984e-15,1.9984e-15
mnist,"[3, 3, 3]",10,102,1,0.3,8,16,8,8,0,0,1.9984e-15,1.9984e-15
mnist,"[3, 3, 3]",10,102,1,0.5,8,16,8,8,0,0,1.9984e-15,1.9984e-15
mnist,"[3, 3, 3]",10,102,1,1,8,16,8,8,0,0,1.9984e-15,1.9984e-15
mnist,"[3, 3, 3]",10,102,2,0.1,17,16,17,17,0,0,2.44249e-15,2.44249e-15
mnist,"[3, 3, 3]",10,102,2,0.3,17,16,16,16,0,0,6.66134e-16,6.66134e-16
mnist,"[3, 3, 3]",10,102,2,0.5,17,16,11,11,0,0,8.88178e-16,6.66134e-16
mnist,"[3, 3, 3]",10,102,2,1,17,16,8,9,1,0.0588235,0.24089,0.240241
mnist,"[3, 3, 3]",10,102,3,0.1,35,16,32,32,0,0,1.9984e-15,1.9984e-15
mnist,"[3, 3, 3]",10,102,3,0.3,35,16,28,28,0,0,1.9984e-15,1.9984e-15
mnist,"[3, 3, 3]",10,102,3,0.5,35,16,19,21,2,0.0571429,0.0160206,0.0149712
mnist,"[3, 3, 3]",10,102,3,1,35,16,12,12,0,0,0.0396481,0.0396481
mnist,"[3, 3, 3]",10,103,1,0.1,8,16,8,8,0,0,5.55112e-16,5.55112e-16
mnist,"[3, 3, 3]",10,103,1,0.3,8,16,8,8,0,0,5.55112e-16,5.55112e-16
mnist,"[3, 3, 3]",10,103,1,0.5,8,16,8,8,0,0,5.55112e-16,5.55112e-16
mnist,"[3, 3, 3]",10,103,1,1,8,16,8,8,0,0,5.55112e-16,5.55112e-16
mnist,"[3, 3, 3]",10,103,2,0.1,24,16,22,22,0,0,2.66454e-15,2.66454e-15
mnist,"[3, 3, 3]",10,103,2,0.3,24,16,17,17,0,0,2.66454e-15,2.55351e-15
mnist,"[3, 3, 3]",10,103,2,0.5,24,16,16,16,0,0,0.00703603,0.00703603
mnist,"[3, 3, 3]",10,103,2,1,24,16,11,12,1,0.0416667,0.000217868,0.000540436
mnist,"[3, 3, 3]",10,103,3,0.1,49,16,43,43,0,0,1.77636e-15,1.77636e-15
mnist,"[3, 3, 3]",10,103,3,0.3,49,16,38,38,0,0,3.77476e-15,3.77476e-15
mnist,"[3, 3, 3]",10,103,3,0.5,49,16,28,29,1,0.0204082,0.0443604,0.0437112
mnist,"[3, 3, 3]",10,103,3,1,49,16,14,17,3,0.0612245,0.244062,0.242763
mnist,"[3, 3, 3]",10,104,1,0.1,6,16,6,6,0,0,1.33227e-15,1.33227e-15
mnist,"[3, 3, 3]",10,104,1,0.3,6,16,6,6,0,0,1.33227e-15,1.33227e-15
mnist,"[3, 3, 3]",10,104,1,0.5,6,16,6,6,0,0,1.33227e-15,1.33227e-15
mnist,"[3, 3, 3]",10,104,1,1,6,16,6,6,0,0,1.33227e-15,1.33227e-15
mnist,"[3, 3, 3]",10,104,2,0.1,12,16,10,10,0,0,1.33227e-15,1.33227e-15
mnist,"[3, 3, 3]",10,104,2,0.3,12,16,9,9,0,0,2.88658e-15,2.66454e-15
mnist,"[3, 3, 3]",10,104,2,0.5,12,16,9,9,0,0,2.88658e-15,2.66454e-15
mnist,"[3, 3, 3]",10,104,2,1,12,16,7,7,0,0,2.22045e-15,2.88658e-15
mnist,"[3, 3, 3]",10,104,3,0.1,14,16,11,11,0,0,1.9984e-15,1.9984e-15
mnist,"[3, 3, 3]",10,104,3,0.3,14,16,9,9,0,0,6.66134e-16,6.66134e-16
mnist,"[3, 3, 3]",10,104,3,0.5,14,16,8,9,1,0.0714286,0.00190669,0.00125748
mnist,"[3, 3, 3]",10,104,3,1,14,16,6,7,1,0.0714286,0.0361961,0.0355469
mnist,"[3, 3, 3]",10,105,1,0.1,8,16,8,8,0,0,2.60902e-15,2.498e-15
mnist,"[3, 3, 3]",10,105,1,0.3,8,16,8,8,0,0,2.60902e-15,2.498e-15
mnist,"[3, 3, 3]",10,105,1,0.5,8,16,8,8,0,0,2.60902e-15,2.498e-15
mnist,"[3, 3, 3]",10,105,1,1,8,16,8,8,0,0,2.60902e-15,2.498e-15
mnist,"[3, 3, 3]",10,105,2,0.1,27,16,27,27,0,0,1.22125e-15,1.22125e-15
mnist,"[3, 3, 3]",10,105,2,0.3,27,16,23,24,1,0.037037,0.000205021,0.000630854
mnist,"[3, 3, 3]",10,105,2,0.5,27,16,20,20,0,0,6.66134e-16,6.66134e-16
mnist,"[3, 3, 3]",10,105,2,1,27,16,12,12,0,0,0.138469,0.138469
mnist,"[3, 3, 3]",10,105,3,0.1,53,16,51,51,0,0,1.33227e-15,1.33227e-15
mnist,"[3, 3, 3]",10,105,3,0.3,53,16,40,42,2,0.0377358,0.000204185,0.00123211
mnist,"[3, 3, 3]",10,105,3,0.5,53,16,27,31,4,0.0754717,0.127854,0.128206
mnist,"[3, 3, 3]",10,105,3,1,53,16,15,17,2,0.0377358,0.00108962,0.00139741
mnist,"[5, 5, 5]",10,101,1,0.1,28,16,28,28,0,0,1.88738e-15,1.88738e-15
mnist,"[5, 5, 5]",10,101,1,0.3,28,16,28,28,0,0,1.88738e-15,1.88738e-15
mnist,"[5, 5, 5]",10,101,1,0.5,28,16,28,28,0,0,1.88738e-15,1.88738e-15
mnist,"[5, 5, 5]",10,101,1,1,28,16,28,28,0,0,1.88738e-15,1.88738e-15
mnist,"[5, 5, 5]",10,101,2,0.1,120,16,120,120,0,0,2.66454e-15,2.66454e-15
mnist,"[5, 5, 5]",10,101,2,0.3,120,16,120,120,0,0,2.66454e-15,2.66454e-15
mnist,"[5, 5, 5]",10,101,2,0.5,120,16,98,100,2,0.0166667,0.00769541,0.00828054
mnist,"[5, 5, 5]",10,101,2,1,120,16,28,34,6,0.05,0.207759,0.205162
mnist,"[5, 5, 5]",10,101,3,0.1,228,16,228,228,0,0,8.88178e-16,1.11022e-15
mnist,"[5, 5, 5]",10,101,3,0.3,228,16,168,173,5,0.0219298,0.0860175,0.0853683
mnist,"[5, 5, 5]",10,101,3,0.5,228,16,96,102,6,0.0263158,0.348332,0.348332
mnist,"[5, 5, 5]",10,101,3,1,228,16,32,36,4,0.0175439,0.111503,0.109556
mnist,"[5, 5, 5]",10,102,1,0.1,20,16,20,20,0,0,3.88578e-15,3.88578e-15
mnist,"[5, 5, 5]",10,102,1,0.3,20,16,20,20,0,0,3.88578e-15,3.88578e-15
mnist,"[5, 5, 5]",10,102,1,0.5,20,16,20,20,0,0,3.88578e-15,3.88578e-15
mnist,"[5, 5, 5]",10,102,1,1,20,16,20,20,0,0,3.88578e-15,3.88578e-15
mnist,"[5, 5, 5]",10,102,2,0.1,100,16,100,100,0,0,1.11022e-15,1.11022e-15
mnist,"[5, 5, 5]",10,102,2,0.3,100,16,97,97,0,0,3.77476e-15,3.77476e-15
mnist,"[5, 5, 5]",10,102,2,0.5,100,16,71,71,0,0,0.121194,0.121194
mnist,"[5, 5, 5]",10,102,2,1,100,16,29,33,4,0.04,0.203257,0.202608
mnist,"[5, 5, 5]",10,102,3,0.1,395,16,387,387,0,0,3.9968e-15,3.55271e-15
mnist,"[5, 5, 5]",10,102,3,0.3,395,16,319,322,3,0.00759494,0.00536761,0.00512463
mnist,"[5, 5, 5]",10,102,3,0.5,395,16,218,224,6,0.0151899,0.0568916,0.0568916
mnist,"[5, 5, 5]",10,102,3,1,395,16,51,56,5,0.0126582,0.130191,0.128893
mnist,"[5, 5, 5]",10,103,1,0.1,23,16,23,23,0,0,1.22125e-15,1.22125e-15
mnist,"[5, 5, 5]",10,103,1,0.3,23,16,23,23,0,0,1.22125e-15,1.22125e-15
mnist,"[5, 5, 5]",10,103,1,0.5,23,16,23,23,0,0,1.22125e-15,1.22125e-15
mnist,"[5, 5, 5]",10,103,1,1,23,16,23,23,0,0,1.22125e-15,1.22125e-15
mnist,"[5, 5, 5]",10,103,2,0.1,99,16,99,99,0,0,2.44249e-15,2.22045e-15
mnist,"[5, 5, 5]",10,103,2,0.3,99,16,87,87,0,0,1.11022e-15,1.11022e-15
mnist,"[5, 5, 5]",10,103,2,0.5,99,16,60,61,1,0.010101,0.0222065,0.0215573
mnist,"[5, 5, 5]",10,103,2,1,99,16,20,23,3,0.030303,0.131708,0.131059
mnist,"[5, 5, 5]",10,103,3,0.1,219,16,216,216,0,0,2.66454e-15,2.66454e-15
mnist,"[5, 5, 5]",10,103,3,0.3,219,16,191,192,1,0.00456621,0.00205468,0.00140546
mnist,"[5, 5, 5]",10,103,3,0.5,219,16,121,127,6,0.0273973,0.100235,0.100885
mnist,"[5, 5, 5]",10,103,3,1,219,16,37,46,9,0.0410959,0.31335,0.309454
mnist,"[5, 5, 5]",10,104,1,0.1,21,16,21,21,0,0,1.88738e-15,1.88738e-15
mnist,"[5, 5, 5]",10,104,1,0.3,21,16,21,21,0,0,1.88738e-15,1.88738e-15
mnist,"[5, 5, 5]",10,104,1,0.5,21,16,21,21,0,0,1.88738e-15,1.88738e-15
mnist,"[5, 5, 5]",10,104,1,1,21,16,21,21,0,0,1.88738e-15,1.88738e-15
mnist,"[5, 5, 5]",10,104,2,0.1,136,16,133,133,0,0,3.77476e-15,3.77476e-15
mnist,"[5, 5, 5]",10,104,2,0.3,136,16,112,112,0,0,1.11022e-15,1.11022e-15
mnist,"[5, 5, 5]",10,104,2,0.5,136,16,83,86,3,0.0220588,0.00742881,0.00548117
mnist,"[5, 5, 5]",10,104,2,1,136,16,42,49,7,0.0514706,0.107048,0.103802
mnist,"[5, 5, 5]",10,104,3,0.1,422,16,411,411,0,0,0,0
mnist,"[5, 5, 5]",10,104,3,0.3,422,16,264,271,7,0.0165877,0.007942,0.00860947
mnist,"[5, 5, 5]",10,104,3,0.5,422,16,180,187,7,0.0165877,0.0617237,0.0622414
mnist,"[5, 5, 5]",10,104,3,1,422,16,70,76,6,0.014218,0.115014,0.113715
mnist,"[5, 5, 5]",10,105,1,0.1,15,16,15,15,0,0,2.498e-15,2.60902e-15
mnist,"[5, 5, 5]",10,105,1,0.3,15,16,15,15,0,0,2.498e-15,2.60902e-15
mnist,"[5, 5, 5]",10,105,1,0.5,15,16,15,15,0,0,2.498e-15,2.60902e-15
mnist,"[5, 5, 5]",10,105,1,1,15,16,15,15,0,0,2.498e-15,2.60902e-15
mnist,"[5, 5, 5]",10,105,2,0.1,105,16,101,101,0,0,2.44249e-15,2.44249e-15
mnist,"[5, 5, 5]",10,105,2,0.3,105,16,83,83,0,0,2.44249e-15,2.44249e-15
mnist,"[5, 5, 5]",10,105,2,0.5,105,16,60,64,4,0.0380952,0.0117225,0.0110122
mnist,"[5, 5, 5]",10,105,2,1,105,16,29,32,3,0.0285714,0.121905,0.121256
mnist,"[5, 5, 5]",10,105,3,0.1,252,16,234,234,0,0,2.88658e-15,2.66454e-15
mnist,"[5, 5, 5]",10,105,3,0.3,252,16,157,161,4,0.015873,0.0877275,0.0870783
mnist,"[5, 5, 5]",10,105,3,0.5,252,16,101,108,7,0.0277778,0.269561,0.267613
mnist,"[5, 5, 5]",10,105,3,1,252,16,39,45,6,0.0238095,0.034745,0.0334466
mnist,"[50, 50, 50]",2,101,1,0.1,662,16,662,662,0,0,2.44249e-15,2.66454e-15
mnist,"[50, 50, 50]",2,101,1,0.3,662,16,662,662,0,0,2.44249e-15,2.66454e-15
mnist,"[50, 50, 50]",2,101,1,0.5,662,16,662,662,0,0,2.44249e-15,2.66454e-15
mnist,"[50, 50, 50]",2,101,1,1,662,16,662,662,0,0,2.44249e-15,2.66454e-15
mnist,"[50, 50, 50]",2,101,2,0.1,1871,16,1543,1551,8,0.00427579,0.0024766,0.00354759
mnist,"[50, 50, 50]",2,101,2,0.3,1871,16,780,792,12,0.00641368,0.00733551,0.00886425
mnist,"[50, 50, 50]",2,101,2,0.5,1871,16,649,659,10,0.00534474,0.00433945,0.00418526
mnist,"[50, 50, 50]",2,101,2,1,1871,16,636,636,0,0,5.32907e-15,5.10703e-15
mnist,"[50, 50, 50]",2,101,3,0.1,3299,16,2370,2382,12,0.00363747,0.00454041,0.00491669
mnist,"[50, 50, 50]",2,101,3,0.3,3299,16,1045,1069,24,0.00727493,0.0111626,0.00992125
mnist,"[50, 50, 50]",2,101,3,0.5,3299,16,791,799,8,0.00242498,0.00434037,0.00611816
mnist,"[50, 50, 50]",2,101,3,1,3299,16,749,749,0,0,3.77476e-15,3.9968e-15
mnist,"[50, 50, 50]",2,102,1,0.1,653,16,653,653,0,0,2.44249e-15,2.22045e-15
mnist,"[50, 50, 50]",2,102,1,0.3,653,16,653,653,0,0,2.44249e-15,2.22045e-15
mnist,"[50, 50, 50]",2,102,1,0.5,653,16,653,653,0,0,2.44249e-15,2.22045e-15
mnist,"[50, 50, 50]",2,102,1,1,653,16,653,653,0,0,2.44249e-15,2.22045e-15
mnist,"[50, 50, 50]",2,102,2,0.1,1898,16,1542,1548,6,0.00316122,0.00551852,0.00517486
mnist,"[50, 50, 50]",2,102,2,0.3,1898,16,779,796,17,0.0089568,0.00740702,0.00663484
mnist,"[50, 50, 50]",2,102,2,0.5,1898,16,673,678,5,0.00263435,0.00195025,0.00225518
mnist,"[50, 50, 50]",2,102,2,1,1898,16,665,665,0,0,2.44249e-15,2.88658e-15
mnist,"[50, 50, 50]",2,102,3,0.1,3009,16,2057,2069,12,0.00398804,0.00591729,0.00658366
mnist,"[50, 50, 50]",2,102,3,0.3,3009,16,801,816,15,0.00498504,0.00959728,0.00548545
mnist,"[50, 50, 50]",2,102,3,0.5,3009,16,593,609,16,0.00531738,0.00684423,0.00731028
mnist,"[50, 50, 50]",2,102,3,1,3009,16,560,560,0,0,5.10703e-15,5.32907e-15
mnist,"[50, 50, 50]",2,103,1,0.1,677,16,677,677,0,0,2.66454e-15,2.44249e-15
mnist,"[50, 50, 50]",2,103,1,0.3,677,16,677,677,0,0,2.66454e-15,2.44249e-15
mnist,"[50, 50, 50]",2,103,1,0.5,677,16,677,677,0,0,2.66454e-15,2.44249e-15
mnist,"[50, 50, 50]",2,103,1,1,677,16,677,677,0,0,2.66454e-15,2.44249e-15
mnist,"[50, 50, 50]",2,103,2,0.1,1822,16,1543,1549,6,0.00329308,0.00313104,0.00446432
mnist,"[50, 50, 50]",2,103,2,0.3,1822,16,787,798,11,0.00603732,0.00503486,0.00742982
mnist,"[50, 50, 50]",2,103,2,0.5,1822,16,624,634,10,0.00548847,0.00611521,0.00442023
mnist,"[50, 50, 50]",2,103,2,1,1822,16,599,599,0,0,3.9968e-15,3.55271e-15
mnist,"[50, 50, 50]",2,103,3,0.1,3204,16,2324,2339,15,0.00468165,0.0048936,0.0065796
mnist,"[50, 50, 50]",2,103,3,0.3,3204,16,1022,1054,32,0.00998752,0.0137372,0.0156414
mnist,"[50, 50, 50]",2,103,3,0.5,3204,16,752,763,11,0.00343321,0.00646758,0.00715148
mnist,"[50, 50, 50]",2,103,3,1,3204,16,680,680,0,0,4.88498e-15,4.88498e-15
mnist,"[50, 50, 50]",2,104,1,0.1,579,16,579,579,0,0,3.77476e-15,3.77476e-15
mnist,"[50, 50, 50]",2,104,1,0.3,579,16,579,579,0,0,3.77476e-15,3.77476e-15
mnist,"[50, 50, 50]",2,104,1,0.5,579,16,579,579,0,0,3.77476e-15,3.77476e-15
mnist,"[50, 50, 50]",2,104,1,1,579,16,579,579,0,0,3.77476e-15,3.77476e-15
mnist,"[50, 50, 50]",2,104,2,0.1,1708,16,1330,1335,5,0.0029274,0.00195003,0.00298146
mnist,"[50, 50, 50]",2,104,2,0.3,1708,16,747,760,13,0.00761124,0.00512268,0.00507627
mnist,"[50, 50, 50]",2,104,2,0.5,1708,16,649,655,6,0.00351288,0.00306919,0.00327728
mnist,"[50, 50, 50]",2,104,2,1,1708,16,638,638,0,0,2.66454e-15,2.66454e-15
mnist,"[50, 50, 50]",2,104,3,0.1,3041,16,2188,2199,11,0.00361723,0.00609096,0.00812356
mnist,"[50, 50, 50]",2,104,3,0.3,3041,16,987,1011,24,0.00789214,0.00961118,0.0117913
mnist,"[50, 50, 50]",2,104,3,0.5,3041,16,748,762,14,0.00460375,0.00460489,0.00646939
mnist,"[50, 50, 50]",2,104,3,1,3041,16,697,697,0,0,2.66454e-15,2.66454e-15
mnist,"[50, 50, 50]",2,105,1,0.1,624,16,624,624,0,0,3.77476e-15,3.33067e-15
mnist,"[50, 50, 50]",2,105,1,0.3,624,16,624,624,0,0,3.77476e-15,3.33067e-15
mnist,"[50, 50, 50]",2,105,1,0.5,624,16,624,624,0,0,3.77476e-15,3.33067e-15
mnist,"[50, 50, 50]",2,105,1,1,624,16,624,624,0,0,3.77476e-15,3.33067e-15
mnist,"[50, 50, 50]",2,105,2,0.1,1859,16,1521,1530,9,0.00484131,0.00343956,0.00433986
mnist,"[50, 50, 50]",2,105,2,0.3,1859,16,909,927,18,0.00968263,0.00490283,0.00871762
mnist,"[50, 50, 50]",2,105,2,0.5,1859,16,735,743,8,0.00430339,0.00363841,0.00439445
mnist,"[50, 50, 50]",2,105,2,1,1859,16,708,709,1,0.000537924,0.000381494,0.000452295
mnist,"[50, 50, 50]",2,105,3,0.1,3306,16,2408,2421,13,0.00393224,0.00497773,0.00856614
mnist,"[50, 50, 50]",2,105,3,0.3,3306,16,1122,1138,16,0.00483969,0.00975317,0.0102406
mnist,"[50, 50, 50]",2,105,3,0.5,3306,16,863,881,18,0.00544465,0.00707238,0.00590739
mnist,"[50, 50, 50]",2,105,3,1,3306,16,814,816,2,0.000604961,0.00105977,0.00075769
mnist,"[50, 50, 50]",3,101,1,0.1,2597,16,2597,2597,0,0,3.55271e-15,3.55271e-15
mnist,"[50, 50, 50]",3,101,1,0.3,2597,16,2597,2597,0,0,3.55271e-15,3.55271e-15
mnist,"[50, 50, 50]",3,101,1,0.5,2597,16,2597,2597,0,0,3.55271e-15,3.55271e-15
mnist,"[50, 50, 50]",3,101,1,1,2597,16,2597,2597,0,0,3.55271e-15,3.55271e-15
mnist,"[50, 50, 50]",3,101,2,0.1,6258,16,5698,5715,17,0.00271652,0.00410028,0.00930154
mnist,"[50, 50, 50]",3,101,2,0.3,6258,16,3468,3503,35,0.00559284,0.0130406,0.0162406
mnist,"[50, 50, 50]",3,101,2,0.5,6258,16,2799,2812,13,0.00207734,0.00675973,0.00579286
mnist,"[50, 50, 50]",3,101,2,1,6258,16,2727,2727,0,0,3.9968e-15,3.55271e-15
mnist,"[50, 50, 50]",3,101,3,0.1,8149,16,7278,7293,15,0.00184072,0.00333478,0.00779832
mnist,"[50, 50, 50]",3,101,3,0.3,8149,16,3997,4043,46,0.00564486,0.0126885,0.023301
mnist,"[50, 50, 50]",3,101,3,0.5,8149,16,2628,2659,31,0.00380415,0.0144902,0.0155902
mnist,"[50, 50, 50]",3,101,3,1,8149,16,2189,2193,4,0.000490858,0.00227099,0.00339256
mnist,"[50, 50, 50]",3,102,1,0.1,2663,16,2663,2663,0,0,2.66454e-15,2.66454e-15
mnist,"[50, 50, 50]",3,102,1,0.3,2663,16,2663,2663,0,0,2.66454e-15,2.66454e-15
mnist,"[50, 50, 50]",3,102,1,0.5,2663,16,2663,2663,0,0,2.66454e-15,2.66454e-15
mnist,"[50, 50, 50]",3,102,1,1,2663,16,2663,2663,0,0,2.66454e-15,2.66454e-15
mnist,"[50, 50, 50]",3,102,2,0.1,6273,16,5829,5841,12,0.00191296,0.00300285,0.00558183
mnist,"[50, 50, 50]",3,102,2,0.3,6273,16,3566,3618,52,0.00828949,0.0115701,0.022189
mnist,"[50, 50, 50]",3,102,2,0.5,6273,16,2918,2935,17,0.00271003,0.00667124,0.00918733
mnist,"[50, 50, 50]",3,102,2,1,6273,16,2816,2816,0,0,2.22045e-15,2.22045e-15
mnist,"[50, 50, 50]",3,102,3,0.1,8295,16,7466,7481,15,0.00180832,0.00344134,0.00803916
mnist,"[50, 50, 50]",3,102,3,0.3,8295,16,4540,4564,24,0.00289331,0.0107612,0.0136137
mnist,"[50, 50, 50]",3,102,3,0.5,8295,16,3240,3264,24,0.00289331,0.00894864,0.0127066
mnist,"[50, 50, 50]",3,102,3,1,8295,16,2817,2819,2,0.000241109,0.000548687,0.000956989
mnist,"[50, 50, 50]",3,103,1,0.1,2726,16,2726,2726,0,0,3.9968e-15,3.9968e-15
mnist,"[50, 50, 50]",3,103,1,0.3,2726,16,2726,2726,0,0,3.9968e-15,3.9968e-15
mnist,"[50, 50, 50]",3,103,1,0.5,2726,16,2726,2726,0,0,3.9968e-15,3.9968e-15
mnist,"[50, 50, 50]",3,103,1,1,2726,16,2726,2726,0,0,3.9968e-15,3.9968e-15
mnist,"[50, 50, 50]",3,103,2,0.1,6447,16,5883,5894,11,0.00170622,0.00284002,0.00637955
mnist,"[50, 50, 50]",3,103,2,0.3,6447,16,3497,3527,30,0.00465333,0.00809627,0.0129841
mnist,"[50, 50, 50]",3,103,2,0.5,6447,16,2880,2899,19,0.00294711,0.00498486,0.0102388
mnist,"[50, 50, 50]",3,103,2,1,6447,16,2813,2813,0,0,4.88498e-15,4.88498e-15
mnist,"[50, 50, 50]",3,103,3,0.1,8389,16,7519,7532,13,0.00154965,0.00394357,0.00864958
mnist,"[50, 50, 50]",3,103,3,0.3,8389,16,4499,4529,30,0.00357611,0.00966972,0.0190363
mnist,"[50, 50, 50]",3,103,3,0.5,8389,16,3123,3153,30,0.00357611,0.00791467,0.0134114
mnist,"[50, 50, 50]",3,103,3,1,8389,16,2639,2647,8,0.00095363,0.0039774,0.00279718
mnist,"[50, 50, 50]",3,104,1,0.1,2635,16,2635,2635,0,0,0,0
mnist,"[50, 50, 50]",3,104,1,0.3,2635,16,2635,2635,0,0,0,0
mnist,"[50, 50, 50]",3,104,1,0.5,2635,16,2635,2635,0,0,0,0
mnist,"[50, 50, 50]",3,104,1,1,2635,16,2635,2635,0,0,0,0
mnist,"[50, 50, 50]",3,104,2,0.1,6220,16,5676,5687,11,0.00176849,0.00341658,0.00499284
mnist,"[50, 50, 50]",3,104,2,0.3,6220,16,3457,3486,29,0.00466238,0.00884142,0.0130542
mnist,"[50, 50, 50]",3,104,2,0.5,6220,16,2766,2788,22,0.00353698,0.00788402,0.0106934
mnist,"[50, 50, 50]",3,104,2,1,6220,16,2626,2627,1,0.000160772,0.000415594,0.000534688
mnist,"[50, 50, 50]",3,104,3,0.1,8230,16,7223,7237,14,0.00170109,0.00459764,0.00768298
mnist,"[50, 50, 50]",3,104,3,0.3,8230,16,4182,4231,49,0.00595383,0.0121778,0.0196336
mnist,"[50, 50, 50]",3,104,3,0.5,8230,16,3080,3107,27,0.00328068,0.00815326,0.0125901
mnist,"[50, 50, 50]",3,104,3,1,8230,16,2693,2697,4,0.000486027,0.00194773,0.00310875
mnist,"[50, 50, 50]",3,105,1,0.1,2662,16,2662,2662,0,0,3.9968e-15,3.9968e-15
mnist,"[50, 50, 50]",3,105,1,0.3,2662,16,2662,2662,0,0,3.9968e-15,3.9968e-15
mnist,"[50, 50, 50]",3,105,1,0.5,2662,16,2662,2662,0,0,3.9968e-15,3.9968e-15
mnist,"[50, 50, 50]",3,105,1,1,2662,16,2662,2662,0,0,3.9968e-15,3.9968e-15
mnist,"[50, 50, 50]",3,105,2,0.1,6270,16,5573,5582,9,0.00143541,0.00287977,0.00512949
mnist,"[50, 50, 50]",3,105,2,0.3,6270,16,3657,3681,24,0.00382775,0.00588008,0.0149197
mnist,"[50, 50, 50]",3,105,2,0.5,6270,16,3050,3065,15,0.00239234,0.00440875,0.006732
mnist,"[50, 50, 50]",3,105,2,1,6270,16,2987,2987,0,0,4.88498e-15,4.88498e-15
mnist,"[50, 50, 50]",3,105,3,0.1,8230,16,7263,7277,14,0.00170109,0.00335943,0.00785216
mnist,"[50, 50, 50]",3,105,3,0.3,8230,16,4249,4283,34,0.00413123,0.00852603,0.0195463
mnist,"[50, 50, 50]",3,105,3,0.5,8230,16,3176,3203,27,0.00328068,0.00817865,0.0149347
mnist,"[50, 50, 50]",3,105,3,1,8230,16,2790,2793,3,0.00036452,0.00126549,0.00119647
mnist,"[50, 50, 50]",4,101,1,0.1,5091,16,5091,5091,0,0,2.22045e-15,2.22045e-15
mnist,"[50, 50, 50]",4,101,1,0.3,5091,16,5091,5091,0,0,2.22045e-15,2.22045e-15
mnist,"[50, 50, 50]",4,101,1,0.5,5091,16,5091,5091,0,0,2.22045e-15,2.22045e-15
mnist,"[50, 50, 50]",4,101,1,1,5091,16,5091,5091,0,0,2.22045e-15,2.22045e-15
mnist,"[50, 50, 50]",4,101,2,0.1,8623,16,8362,8369,7,0.000811782,0.000897337,0.00434288
mnist,"[50, 50, 50]",4,101,2,0.3,8623,16,6204,6230,26,0.00301519,0.00545116,0.0148585
mnist,"[50, 50, 50]",4,101,2,0.5,8623,16,5419,5432,13,0.0015076,0.00388787,0.00696697
mnist,"[50, 50, 50]",4,101,2,1,8623,16,5319,5319,0,0,2.22045e-15,2.66454e-15
mnist,"[50, 50, 50]",4,101,3,0.1,9579,16,9289,9299,10,0.00104395,0.000550978,0.00614115
mnist,"[50, 50, 50]",4,101,3,0.3,9579,16,7200,7225,25,0.00260988,0.00474652,0.0152022
mnist,"[50, 50, 50]",4,101,3,0.5,9579,16,5692,5720,28,0.00292306,0.00553937,0.0158382
mnist,"[50, 50, 50]",4,101,3,1,9579,16,5048,5050,2,0.00020879,0.000840099,0.00153465
mnist,"[50, 50, 50]",4,102,1,0.1,5237,16,5237,5237,0,0,4.88498e-15,4.88498e-15
mnist,"[50, 50, 50]",4,102,1,0.3,5237,16,5237,5237,0,0,4.88498e-15,4.88498e-15
mnist,"[50, 50, 50]",4,102,1,0.5,5237,16,5237,5237,0,0,4.88498e-15,4.88498e-15
mnist,"[50, 50, 50]",4,102,1,1,5237,16,5237,5237,0,0,4.88498e-15,4.88498e-15
mnist,"[50, 50, 50]",4,102,2,0.1,8773,16,8446,8455,9,0.00102587,0.00095678,0.00573516
mnist,"[50, 50, 50]",4,102,2,0.3,8773,16,6064,6099,35,0.00398951,0.00741532,0.020491
mnist,"[50, 50, 50]",4,102,2,0.5,8773,16,5288,5301,13,0.00148182,0.00443001,0.00667623
mnist,"[50, 50, 50]",4,102,2,1,8773,16,5220,5220,0,0,4.88498e-15,5.32907e-15
mnist,"[50, 50, 50]",4,102,3,0.1,9648,16,9374,9379,5,0.000518242,0.000924511,0.00312155
mnist,"[50, 50, 50]",4,102,3,0.3,9648,16,7039,7078,39,0.00404229,0.00439294,0.0251428
mnist,"[50, 50, 50]",4,102,3,0.5,9648,16,5410,5456,46,0.00476783,0.00797649,0.0223143
mnist,"[50, 50, 50]",4,102,3,1,9648,16,4896,4897,1,0.000103648,0.000312271,0.000529351
mnist,"[50, 50, 50]",4,103,1,0.1,5075,16,5075,5075,0,0,2.66454e-15,2.72005e-15
mnist,"[50, 50, 50]",4,103,1,0.3,5075,16,5075,5075,0,0,2.66454e-15,2.72005e-15
mnist,"[50, 50, 50]",4,103,1,0.5,5075,16,5075,5075,0,0,2.66454e-15,2.72005e-15
mnist,"[50, 50, 50]",4,103,1,1,5075,16,5075,5075,0,0,2.66454e-15,2.72005e-15
mnist,"[50, 50, 50]",4,103,2,0.1,8822,16,8474,8480,6,0.000680118,0.00102256,0.00330917
mnist,"[50, 50, 50]",4,103,2,0.3,8822,16,6466,6491,25,0.00283382,0.00528507,0.0145976
mnist,"[50, 50, 50]",4,103,2,0.5,8822,16,5719,5730,11,0.00124688,0.0027543,0.00575365
mnist,"[50, 50, 50]",4,103,2,1,8822,16,5585,5585,0,0,4.88498e-15,4.88498e-15
mnist,"[50, 50, 50]",4,103,3,0.1,9661,16,9408,9415,7,0.000724563,4.90225e-05,0.00449547
mnist,"[50, 50, 50]",4,103,3,0.3,9661,16,7326,7352,26,0.00269123,0.00713296,0.0203525
mnist,"[50, 50, 50]",4,103,3,0.5,9661,16,5334,5382,48,0.00496843,0.00713536,0.0249632
mnist,"[50, 50, 50]",4,103,3,1,9661,16,4279,4288,9,0.000931581,0.00248316,0.00335975
mnist,"[50, 50, 50]",4,104,1,0.1,5129,16,5129,5129,0,0,2.66454e-15,2.72005e-15
mnist,"[50, 50, 50]",4,104,1,0.3,5129,16,5129,5129,0,0,2.66454e-15,2.72005e-15
mnist,"[50, 50, 50]",4,104,1,0.5,5129,16,5129,5129,0,0,2.66454e-15,2.72005e-15
mnist,"[50, 50, 50]",4,104,1,1,5129,16,5129,5129,0,0,2.66454e-15,2.72005e-15
mnist,"[50, 50, 50]",4,104,2,0.1,8454,16,7889,7900,11,0.00130116,0.00179461,0.00585941
mnist,"[50, 50, 50]",4,104,2,0.3,8454,16,5321,5351,30,0.00354862,0.00718226,0.0172377
mnist,"[50, 50, 50]",4,104,2,0.5,8454,16,4758,4768,10,0.00118287,0.00158758,0.00609111
mnist,"[50, 50, 50]",4,104,2,1,8454,16,4736,4736,0,0,4.88498e-15,4.88498e-15
mnist,"[50, 50, 50]",4,104,3,0.1,9533,16,9093,9101,8,0.00083919,0.00147549,0.00484644
mnist,"[50, 50, 50]",4,104,3,0.3,9533,16,6478,6513,35,0.00367146,0.006757,0.0184424
mnist,"[50, 50, 50]",4,104,3,0.5,9533,16,4904,4934,30,0.00314696,0.00885021,0.015338
mnist,"[50, 50, 50]",4,104,3,1,9533,16,4423,4427,4,0.000419595,0.00106459,0.00153226
mnist,"[50, 50, 50]",4,105,1,0.1,5164,16,5164,5164,0,0,2.66454e-15,2.66454e-15
mnist,"[50, 50, 50]",4,105,1,0.3,5164,16,5164,5164,0,0,2.66454e-15,2.66454e-15
mnist,"[50, 50, 50]",4,105,1,0.5,5164,16,5164,5164,0,0,2.66454e-15,2.66454e-15
mnist,"[50, 50, 50]",4,105,1,1,5164,16,5164,5164,0,0,2.66454e-15,2.66454e-15
mnist,"[50, 50, 50]",4,105,2,0.1,8685,16,8271,8282,11,0.00126655,0.00160349,0.00667653
mnist,"[50, 50, 50]",4,105,2,0.3,8685,16,6278,6302,24,0.00276339,0.00668127,0.0147789
mnist,"[50, 50, 50]",4,105,2,0.5,8685,16,5388,5413,25,0.00287853,0.00484787,0.0119775
mnist,"[50, 50, 50]",4,105,2,1,8685,16,5231,5231,0,0,4.88498e-15,4.88498e-15
mnist,"[50, 50, 50]",4,105,3,0.1,9568,16,9235,9244,9,0.000940635,0.000750978,0.00541645
mnist,"[50, 50, 50]",4,105,3,0.3,9568,16,7125,7161,36,0.00376254,0.00697001,0.0185256
mnist,"[50, 50, 50]",4,105,3,0.5,9568,16,5573,5612,39,0.00407609,0.00602239,0.023404
mnist,"[50, 50, 50]",4,105,3,1,9568,16,4802,4809,7,0.000731605,0.00224834,0.00279802
mnist,"[50, 50, 50]",5,101,1,0.1,6632,16,6632,6632,0,0,3.10862e-15,2.66454e-15
mnist,"[50, 50, 50]",5,101,1,0.3,6632,16,6632,6632,0,0,3.10862e-15,2.66454e-15
mnist,"[50, 50, 50]",5,101,1,0.5,6632,16,6632,6632,0,0,3.10862e-15,2.66454e-15
mnist,"[50, 50, 50]",5,101,1,1,6632,16,6632,6632,0,0,3.10862e-15,2.66454e-15
mnist,"[50, 50, 50]",5,101,2,0.1,9349,16,9157,9164,7,0.000748743,0.000685475,0.00385901
mnist,"[50, 50, 50]",5,101,2,0.3,9349,16,7584,7609,25,0.00267408,0.00434266,0.0153198
mnist,"[50, 50, 50]",5,101,2,0.5,9349,16,6835,6847,12,0.00128356,0.00358061,0.00550726
mnist,"[50, 50, 50]",5,101,2,1,9349,16,6766,6766,0,0,4.88498e-15,5.55112e-15
mnist,"[50, 50, 50]",5,101,3,0.1,9845,16,9689,9695,6,0.000609446,7.54888e-05,0.00381979
mnist,"[50, 50, 50]",5,101,3,0.3,9845,16,8386,8421,35,0.0035551,0.00380589,0.0230538
mnist,"[50, 50, 50]",5,101,3,0.5,9845,16,6853,6876,23,0.00233621,0.00394887,0.0154938
mnist,"[50, 50, 50]",5,101,3,1,9845,16,6054,6060,6,0.000609446,0.00151183,0.00326579
mnist,"[50, 50, 50]",5,102,1,0.1,6832,16,6832,6832,0,0,7.54952e-15,7.54952e-15
mnist,"[50, 50, 50]",5,102,1,0.3,6832,16,6832,6832,0,0,7.54952e-15,7.54952e-15
mnist,"[50, 50, 50]",5,102,1,0.5,6832,16,6832,6832,0,0,7.54952e-15,7.54952e-15
mnist,"[50, 50, 50]",5,102,1,1,6832,16,6832,6832,0,0,7.54952e-15,7.54952e-15
mnist,"[50, 50, 50]",5,102,2,0.1,9385,16,9193,9199,6,0.000639318,0.000285475,0.0038098
mnist,"[50, 50, 50]",5,102,2,0.3,9385,16,7598,7622,24,0.00255727,0.00387087,0.0123304
mnist,"[50, 50, 50]",5,102,2,0.5,9385,16,6873,6883,10,0.00106553,0.00176347,0.00623881
mnist,"[50, 50, 50]",5,102,2,1,9385,16,6792,6792,0,0,5.77316e-15,5.32907e-15
mnist,"[50, 50, 50]",5,102,3,0.1,9880,16,9779,9786,7,0.000708502,5.32907e-15,0.00454449
mnist,"[50, 50, 50]",5,102,3,0.3,9880,16,8812,8827,15,0.00151822,0.00177904,0.00944736
mnist,"[50, 50, 50]",5,102,3,0.5,9880,16,7815,7833,18,0.00182186,0.00205681,0.0117024
mnist,"[50, 50, 50]",5,102,3,1,9880,16,7429,7429,0,0,2.66454e-15,2.66454e-15
mnist,"[50, 50, 50]",5,103,1,0.1,6863,16,6863,6863,0,0,4.88498e-15,4.66294e-15
mnist,"[50, 50, 50]",5,103,1,0.3,6863,16,6863,6863,0,0,4.88498e-15,4.66294e-15
mnist,"[50, 50, 50]",5,103,1,0.5,6863,16,6863,6863,0,0,4.88498e-15,4.66294e-15
mnist,"[50, 50, 50]",5,103,1,1,6863,16,6863,6863,0,0,4.88498e-15,4.66294e-15
mnist,"[50, 50, 50]",5,103,2,0.1,9332,16,9163,9171,8,0.000857265,0.000350978,0.00484272
mnist,"[50, 50, 50]",5,103,2,0.3,9332,16,7426,7446,20,0.00214316,0.00395265,0.0116802
mnist,"[50, 50, 50]",5,103,2,0.5,9332,16,6371,6398,27,0.00289327,0.00620106,0.0133141
mnist,"[50, 50, 50]",5,103,2,1,9332,16,6175,6175,0,0,4.88498e-15,4.77396e-15
mnist,"[50, 50, 50]",5,103,3,0.1,9853,16,9732,9737,5,0.00050746,0.000275489,0.00297058
mnist,"[50, 50, 50]",5,103,3,0.3,9853,16,8593,8615,22,0.00223282,0.00195244,0.0147207
mnist,"[50, 50, 50]",5,103,3,0.5,9853,16,7312,7337,25,0.0025373,0.00440554,0.0132791
mnist,"[50, 50, 50]",5,103,3,1,9853,16,6703,6705,2,0.000202984,0.000468996,0.000949708
mnist,"[50, 50, 50]",5,104,1,0.1,7146,16,7146,7146,0,0,4.88498e-15,4.88498e-15
mnist,"[50, 50, 50]",5,104,1,0.3,7146,16,7146,7146,0,0,4.88498e-15,4.88498e-15
mnist,"[50, 50, 50]",5,104,1,0.5,7146,16,7146,7146,0,0,4.88498e-15,4.88498e-15
mnist,"[50, 50, 50]",5,104,1,1,7146,16,7146,7146,0,0,4.88498e-15,4.88498e-15
mnist,"[50, 50, 50]",5,104,2,0.1,9440,16,9201,9205,4,0.000423729,0.000409987,0.00239685
mnist,"[50, 50, 50]",5,104,2,0.3,9440,16,7276,7300,24,0.00254237,0.00374144,0.0162605
mnist,"[50, 50, 50]",5,104,2,0.5,9440,16,6320,6338,18,0.00190678,0.00403539,0.00948133
mnist,"[50, 50, 50]",5,104,2,1,9440,16,6213,6213,0,0,4.88498e-15,4.996e-15
mnist,"[50, 50, 50]",5,104,3,0.1,9850,16,9725,9728,3,0.000304569,2.22045e-15,0.00194764
mnist,"[50, 50, 50]",5,104,3,0.3,9850,16,8327,8349,22,0.0022335,0.00291982,0.0143865
mnist,"[50, 50, 50]",5,104,3,0.5,9850,16,6707,6743,36,0.00365482,0.00418701,0.0194044
mnist,"[50, 50, 50]",5,104,3,1,9850,16,5940,5942,2,0.000203046,0.000168471,0.00116741
mnist,"[50, 50, 50]",5,105,1,0.1,6954,16,6954,6954,0,0,5.32907e-15,5.32907e-15
mnist,"[50, 50, 50]",5,105,1,0.3,6954,16,6954,6954,0,0,5.32907e-15,5.32907e-15
mnist,"[50, 50, 50]",5,105,1,0.5,6954,16,6954,6954,0,0,5.32907e-15,5.32907e-15
mnist,"[50, 50, 50]",5,105,1,1,6954,16,6954,6954,0,0,5.32907e-15,5.32907e-15
mnist,"[50, 50, 50]",5,105,2,0.1,9529,16,9379,9383,4,0.000419771,4.88498e-15,0.00259685
mnist,"[50, 50, 50]",5,105,2,0.3,9529,16,7928,7949,21,0.0022038,0.00333361,0.012385
mnist,"[50, 50, 50]",5,105,2,0.5,9529,16,7064,7080,16,0.00167908,0.00317648,0.00836825
mnist,"[50, 50, 50]",5,105,2,1,9529,16,6923,6923,0,0,2.66454e-15,2.66454e-15
mnist,"[50, 50, 50]",5,105,3,0.1,9914,16,9833,9837,4,0.00040347,2.22045e-15,0.00259685
mnist,"[50, 50, 50]",5,105,3,0.3,9914,16,8699,8720,21,0.00211822,0.00334679,0.0122355
mnist,"[50, 50, 50]",5,105,3,0.5,9914,16,7306,7327,21,0.00211822,0.00457764,0.0138531
mnist,"[50, 50, 50]",5,105,3,1,9914,16,6664,6666,2,0.000201735,6.55022e-05,0.00126938
mnist,"[50, 50, 50]",10,101,1,0.1,9238,16,9238,9238,0,0,4.44089e-15,4.88498e-15
mnist,"[50, 50, 50]",10,101,1,0.3,9238,16,9238,9238,0,0,4.44089e-15,4.88498e-15
mnist,"[50, 50, 50]",10,101,1,0.5,9238,16,9238,9238,0,0,4.44089e-15,4.88498e-15
mnist,"[50, 50, 50]",10,101,1,1,9238,16,9238,9238,0,0,4.44089e-15,4.88498e-15
mnist,"[50, 50, 50]",10,101,2,0.1,9907,16,9898,9898,0,0,0,0
mnist,"[50, 50, 50]",10,101,2,0.3,9907,16,9238,9247,9,0.000908449,0.000275489,0.00584291
mnist,"[50, 50, 50]",10,101,2,0.5,9907,16,8604,8616,12,0.00121126,0.000501955,0.00749251
mnist,"[50, 50, 50]",10,101,2,1,9907,16,8483,8483,0,0,3.10862e-15,2.66454e-15
mnist,"[50, 50, 50]",10,101,3,0.1,9983,16,9972,9973,1,0.00010017,0,0.000649213
mnist,"[50, 50, 50]",10,101,3,0.3,9983,16,9639,9653,14,0.00140238,0,0.00908898
mnist,"[50, 50, 50]",10,101,3,0.5,9983,16,8905,8917,12,0.00120204,0.000636453,0.00779055
mnist,"[50, 50, 50]",10,101,3,1,9983,16,8257,8258,1,0.00010017,3.10862e-15,0.000649213
mnist,"[50, 50, 50]",10,102,1,0.1,9151,16,9151,9151,0,0,2.66454e-15,2.66454e-15
mnist,"[50, 50, 50]",10,102,1,0.3,9151,16,9151,9151,0,0,2.66454e-15,2.66454e-15
mnist,"[50, 50, 50]",10,102,1,0.5,9151,16,9151,9151,0,0,2.66454e-15,2.66454e-15
mnist,"[50, 50, 50]",10,102,1,1,9151,16,9151,9151,0,0,2.66454e-15,2.66454e-15
mnist,"[50, 50, 50]",10,102,2,0.1,9887,16,9856,9856,0,0,0,0
mnist,"[50, 50, 50]",10,102,2,0.3,9887,16,9368,9377,9,0.000910286,0.000275489,0.0061184
mnist,"[50, 50, 50]",10,102,2,0.5,9887,16,8911,8923,12,0.00121371,0.000324511,0.00779055
mnist,"[50, 50, 50]",10,102,2,1,9887,16,8841,8841,0,0,7.54952e-15,7.54952e-15
mnist,"[50, 50, 50]",10,102,3,0.1,9968,16,9954,9954,0,0,0,0
mnist,"[50, 50, 50]",10,102,3,0.3,9968,16,9605,9624,19,0.0019061,4.88498e-15,0.012335
mnist,"[50, 50, 50]",10,102,3,0.5,9968,16,8848,8871,23,0.00230738,0.000350978,0.0149319
mnist,"[50, 50, 50]",10,102,3,1,9968,16,8169,8172,3,0.000300963,7.99361e-15,0.00194764
mnist,"[50, 50, 50]",10,103,1,0.1,9048,16,9048,9048,0,0,7.99361e-15,7.99361e-15
mnist,"[50, 50, 50]",10,103,1,0.3,9048,16,9048,9048,0,0,7.99361e-15,7.99361e-15
mnist,"[50, 50, 50]",10,103,1,0.5,9048,16,9048,9048,0,0,7.99361e-15,7.99361e-15
mnist,"[50, 50, 50]",10,103,1,1,9048,16,9048,9048,0,0,7.99361e-15,7.99361e-15
mnist,"[50, 50, 50]",10,103,2,0.1,9887,16,9852,9856,4,0.000404572,1.77636e-15,0.00259685
mnist,"[50, 50, 50]",10,103,2,0.3,9887,16,9347,9357,10,0.00101143,0.000401601,0.00636602
mnist,"[50, 50, 50]",10,103,2,0.5,9887,16,9010,9015,5,0.000505715,0.000805528,0.0026851
mnist,"[50, 50, 50]",10,103,2,1,9887,16,8959,8959,0,0,2.66454e-15,2.66454e-15
mnist,"[50, 50, 50]",10,103,3,0.1,9984,16,9977,9977,0,0,0,0
mnist,"[50, 50, 50]",10,103,3,0.3,9984,16,9719,9726,7,0.000701122,4.88498e-15,0.00454449
mnist,"[50, 50, 50]",10,103,3,0.5,9984,16,9140,9157,17,0.00170272,0.00116515,0.0117776
mnist,"[50, 50, 50]",10,103,3,1,9984,16,8581,8585,4,0.000400641,1.60631e-05,0.00259685
mnist,"[50, 50, 50]",10,104,1,0.1,9117,16,9117,9117,0,0,4.44089e-15,4.88498e-15
mnist,"[50, 50, 50]",10,104,1,0.3,9117,16,9117,9117,0,0,4.44089e-15,4.88498e-15
mnist,"[50, 50, 50]",10,104,1,0.5,9117,16,9117,9117,0,0,4.44089e-15,4.88498e-15
mnist,"[50, 50, 50]",10,104,1,1,9117,16,9117,9117,0,0,4.44089e-15,4.88498e-15
mnist,"[50, 50, 50]",10,104,2,0.1,9922,16,9916,9916,0,0,0,0
mnist,"[50, 50, 50]",10,104,2,0.3,9922,16,9504,9512,8,0.000806289,0.000239036,0.00538372
mnist,"[50, 50, 50]",10,104,2,0.5,9922,16,8960,8968,8,0.000806289,0.0006,0.0053937
mnist,"[50, 50, 50]",10,104,2,1,9922,16,8859,8859,0,0,4.88498e-15,5.32907e-15
mnist,"[50, 50, 50]",10,104,3,0.1,9993,16,9992,9992,0,0,0,0
mnist,"[50, 50, 50]",10,104,3,0.3,9993,16,9837,9844,7,0.00070049,3.10862e-15,0.00454449
mnist,"[50, 50, 50]",10,104,3,0.5,9993,16,9415,9428,13,0.00130091,0.000275489,0.00843977
mnist,"[50, 50, 50]",10,104,3,1,9993,16,8922,8924,2,0.00020014,7.54952e-15,0.00129843
mnist,"[50, 50, 50]",10,105,1,0.1,9244,16,9244,9244,0,0,4.88498e-15,4.44089e-15
mnist,"[50, 50, 50]",10,105,1,0.3,9244,16,9244,9244,0,0,4.88498e-15,4.44089e-15
mnist,"[50, 50, 50]",10,105,1,0.5,9244,16,9244,9244,0,0,4.88498e-15,4.44089e-15
mnist,"[50, 50, 50]",10,105,1,1,9244,16,9244,9244,0,0,4.88498e-15,4.44089e-15
mnist,"[50, 50, 50]",10,105,2,0.1,9921,16,9901,9901,0,0,1.77636e-15,2.66454e-15
mnist,"[50, 50, 50]",10,105,2,0.3,9921,16,9466,9475,9,0.000907167,5.32907e-15,0.00584291
mnist,"[50, 50, 50]",10,105,2,0.5,9921,16,8997,9010,13,0.00131035,0.000759363,0.00803977
mnist,"[50, 50, 50]",10,105,2,1,9921,16,8901,8901,0,0,5.77316e-15,5.32907e-15
mnist,"[50, 50, 50]",10,105,3,0.1,9984,16,9976,9976,0,0,0,0
mnist,"[50, 50, 50]",10,105,3,0.3,9984,16,9641,9653,12,0.00120192,0,0.00779055
mnist,"[50, 50, 50]",10,105,3,0.5,9984,16,8910,8927,17,0.00170272,0.00147291,0.011044
mnist,"[50, 50, 50]",10,105,3,1,9984,16,8053,8058,5,0.000500801,0.000519725,0.00277536
mnist,"[50, 50, 50]",15,101,1,0.1,9479,16,9479,9479,0,0,2.22045e-15,1.77636e-15
mnist,"[50, 50, 50]",15,101,1,0.3,9479,16,9479,9479,0,0,2.22045e-15,1.77636e-15
mnist,"[50, 50, 50]",15,101,1,0.5,9479,16,9479,9479,0,0,2.22045e-15,1.77636e-15
mnist,"[50, 50, 50]",15,101,1,1,9479,16,9479,9479,0,0,2.22045e-15,1.77636e-15
mnist,"[50, 50, 50]",15,101,2,0.1,9923,16,9922,9922,0,0,0,0
mnist,"[50, 50, 50]",15,101,2,0.3,9923,16,9441,9454,13,0.00131009,4.44089e-15,0.00843977
mnist,"[50, 50, 50]",15,101,2,0.5,9923,16,8946,8955,9,0.000906984,0.0004,0.00564291
mnist,"[50, 50, 50]",15,101,2,1,9923,16,8848,8848,0,0,5.32907e-15,5.32907e-15
mnist,"[50, 50, 50]",15,101,3,0.1,9986,16,9982,9982,0,0,0,0
mnist,"[50, 50, 50]",15,101,3,0.3,9986,16,9799,9806,7,0.000700981,0,0.00454449
mnist,"[50, 50, 50]",15,101,3,0.5,9986,16,9357,9371,14,0.00140196,0,0.00908898
mnist,"[50, 50, 50]",15,101,3,1,9986,16,8970,8970,0,0,4.88498e-15,5.32907e-15
mnist,"[50, 50, 50]",15,102,1,0.1,9328,16,9328,9328,0,0,7.54952e-15,7.54952e-15
mnist,"[50, 50, 50]",15,102,1,0.3,9328,16,9328,9328,0,0,7.54952e-15,7.54952e-15
mnist,"[50, 50, 50]",15,102,1,0.5,9328,16,9328,9328,0,0,7.54952e-15,7.54952e-15
mnist,"[50, 50, 50]",15,102,1,1,9328,16,9328,9328,0,0,7.54952e-15,7.54952e-15
mnist,"[50, 50, 50]",15,102,2,0.1,9944,16,9944,9944,0,0,0,0
mnist,"[50, 50, 50]",15,102,2,0.3,9944,16,9521,9535,14,0.00140788,0.000275489,0.00928898
mnist,"[50, 50, 50]",15,102,2,0.5,9944,16,9019,9029,10,0.00100563,0.00091034,0.00683081
mnist,"[50, 50, 50]",15,102,2,1,9944,16,8888,8888,0,0,7.54952e-15,6.66134e-15
mnist,"[50, 50, 50]",15,102,3,0.1,9996,16,9989,9989,0,0,0,0
mnist,"[50, 50, 50]",15,102,3,0.3,9996,16,9740,9757,17,0.00170068,0,0.0110366
mnist,"[50, 50, 50]",15,102,3,0.5,9996,16,9072,9090,18,0.00180072,0.000675489,0.0116368
mnist,"[50, 50, 50]",15,102,3,1,9996,16,8018,8021,3,0.00030012,4.44089e-15,0.00194764
mnist,"[50, 50, 50]",15,103,1,0.1,9513,16,9513,9513,0,0,5.32907e-15,5.32907e-15
mnist,"[50, 50, 50]",15,103,1,0.3,9513,16,9513,9513,0,0,5.32907e-15,5.32907e-15
mnist,"[50, 50, 50]",15,103,1,0.5,9513,16,9513,9513,0,0,5.32907e-15,5.32907e-15
mnist,"[50, 50, 50]",15,103,1,1,9513,16,9513,9513,0,0,5.32907e-15,5.32907e-15
mnist,"[50, 50, 50]",15,103,2,0.1,9953,16,9952,9952,0,0,0,0
mnist,"[50, 50, 50]",15,103,2,0.3,9953,16,9534,9543,9,0.00090425,4.88498e-15,0.00584291
mnist,"[50, 50, 50]",15,103,2,0.5,9953,16,9140,9145,5,0.000502361,0.000860682,0.00385605
mnist,"[50, 50, 50]",15,103,2,1,9953,16,9061,9061,0,0,2.66454e-15,3.10862e-15
mnist,"[50, 50, 50]",15,103,3,0.1,9995,16,9995,9995,0,0,0,0
mnist,"[50, 50, 50]",15,103,3,0.3,9995,16,9787,9798,11,0.00110055,4.88498e-15,0.00714134
mnist,"[50, 50, 50]",15,103,3,0.5,9995,16,9172,9187,15,0.00150075,0.000750978,0.0100892
mnist,"[50, 50, 50]",15,103,3,1,9995,16,8303,8308,5,0.00050025,0.000668996,0.00283
mnist,"[50, 50, 50]",15,104,1,0.1,9436,16,9436,9436,0,0,4.88498e-15,5.32907e-15
mnist,"[50, 50, 50]",15,104,1,0.3,9436,16,9436,9436,0,0,4.88498e-15,5.32907e-15
mnist,"[50, 50, 50]",15,104,1,0.5,9436,16,9436,9436,0,0,4.88498e-15,5.32907e-15
mnist,"[50, 50, 50]",15,104,1,1,9436,16,9436,9436,0,0,4.88498e-15,5.32907e-15
mnist,"[50, 50, 50]",15,104,2,0.1,9913,16,9894,9894,0,0,0,0
mnist,"[50, 50, 50]",15,104,2,0.3,9913,16,9449,9462,13,0.00131141,4.44089e-15,0.00843977
mnist,"[50, 50, 50]",15,104,2,0.5,9913,16,9083,9091,8,0.000807021,0.00071034,0.00487338
mnist,"[50, 50, 50]",15,104,2,1,9913,16,9022,9022,0,0,4.88498e-15,4.44089e-15
mnist,"[50, 50, 50]",15,104,3,0.1,9994,16,9988,9988,0,0,0,0
mnist,"[50, 50, 50]",15,104,3,0.3,9994,16,9739,9751,12,0.00120072,0,0.00779055
mnist,"[50, 50, 50]",15,104,3,0.5,9994,16,9173,9191,18,0.00180108,0.000390013,0.0115713
mnist,"[50, 50, 50]",15,104,3,1,9994,16,8254,8259,5,0.0005003,0.00117513,0.00243189
mnist,"[50, 50, 50]",15,105,1,0.1,9578,16,9578,9578,0,0,7.54952e-15,7.54952e-15
mnist,"[50, 50, 50]",15,105,1,0.3,9578,16,9578,9578,0,0,7.54952e-15,7.54952e-15
mnist,"[50, 50, 50]",15,105,1,0.5,9578,16,9578,9578,0,0,7.54952e-15,7.54952e-15
mnist,"[50, 50, 50]",15,105,1,1,9578,16,9578,9578,0,0,7.54952e-15,7.54952e-15
mnist,"[50, 50, 50]",15,105,2,0.1,9947,16,9936,9936,0,0,0,0
mnist,"[50, 50, 50]",15,105,2,0.3,9947,16,9540,9549,9,0.000904795,1.77636e-15,0.00584291
mnist,"[50, 50, 50]",15,105,2,0.5,9947,16,9060,9067,7,0.00070373,0.000649022,0.00449547
mnist,"[50, 50, 50]",15,105,2,1,9947,16,8979,8979,0,0,2.66454e-15,2.22045e-15
mnist,"[50, 50, 50]",15,105,3,0.1,9992,16,9990,9990,0,0,0,0
mnist,"[50, 50, 50]",15,105,3,0.3,9992,16,9815,9825,10,0.0010008,0,0.00649213
mnist,"[50, 50, 50]",15,105,3,0.5,9992,16,9308,9322,14,0.00140112,0,0.00908898
mnist,"[50, 50, 50]",15,105,3,1,9992,16,8627,8629,2,0.00020016,0.0004,0.00122294
mnist,"[50, 50, 50]",20,101,1,0.1,9653,16,9653,9653,0,0,0,0
mnist,"[50, 50, 50]",20,101,1,0.3,9653,16,9653,9653,0,0,0,0
mnist,"[50, 50, 50]",20,101,1,0.5,9653,16,9653,9653,0,0,0,0
mnist,"[50, 50, 50]",20,101,1,1,9653,16,9653,9653,0,0,0,0
mnist,"[50, 50, 50]",20,101,2,0.1,9960,16,9952,9952,0,0,0,0
mnist,"[50, 50, 50]",20,101,2,0.3,9960,16,9561,9574,13,0.00130522,0,0.00843977
mnist,"[50, 50, 50]",20,101,2,0.5,9960,16,9211,9220,9,0.000903614,0.000543381,0.00577502
mnist,"[50, 50, 50]",20,101,2,1,9960,16,9159,9159,0,0,5.32907e-15,5.32907e-15
mnist,"[50, 50, 50]",20,101,3,0.1,9992,16,9992,9992,0,0,0,0
mnist,"[50, 50, 50]",20,101,3,0.3,9992,16,9869,9878,9,0.000900721,0,0.00584291
mnist,"[50, 50, 50]",20,101,3,0.5,9992,16,9420,9432,12,0.00120096,4.88498e-15,0.00779055
mnist,"[50, 50, 50]",20,101,3,1,9992,16,8718,8718,0,0,4.44089e-15,4.88498e-15
mnist,"[50, 50, 50]",20,102,1,0.1,9573,16,9573,9573,0,0,0,0
mnist,"[50, 50, 50]",20,102,1,0.3,9573,16,9573,9573,0,0,0,0
mnist,"[50, 50, 50]",20,102,1,0.5,9573,16,9573,9573,0,0,0,0
mnist,"[50, 50, 50]",20,102,1,1,9573,16,9573,9573,0,0,0,0
mnist,"[50, 50, 50]",20,102,2,0.1,9972,16,9972,9972,0,0,0,0
mnist,"[50, 50, 50]",20,102,2,0.3,9972,16,9737,9747,10,0.00100281,4.88498e-15,0.00649213
mnist,"[50, 50, 50]",20,102,2,0.5,9972,16,9481,9487,6,0.000601685,0.000275489,0.00361979
mnist,"[50, 50, 50]",20,102,2,1,9972,16,9448,9448,0,0,2.66454e-15,2.66454e-15
mnist,"[50, 50, 50]",20,102,3,0.1,9997,16,9997,9997,0,0,0,0
mnist,"[50, 50, 50]",20,102,3,0.3,9997,16,9941,9945,4,0.00040012,0,0.00259685
mnist,"[50, 50, 50]",20,102,3,0.5,9997,16,9579,9593,14,0.00140042,0,0.00908898
mnist,"[50, 50, 50]",20,102,3,1,9997,16,8805,8807,2,0.00020006,4.88498e-15,0.00129843
mnist,"[50, 50, 50]",20,103,1,0.1,9535,16,9535,9535,0,0,4.88498e-15,4.88498e-15
mnist,"[50, 50, 50]",20,103,1,0.3,9535,16,9535,9535,0,0,4.88498e-15,4.88498e-15
mnist,"[50, 50, 50]",20,103,1,0.5,9535,16,9535,9535,0,0,4.88498e-15,4.88498e-15
mnist,"[50, 50, 50]",20,103,1,1,9535,16,9535,9535,0,0,4.88498e-15,4.88498e-15
mnist,"[50, 50, 50]",20,103,2,0.1,9968,16,9959,9959,0,0,0,0
mnist,"[50, 50, 50]",20,103,2,0.3,9968,16,9715,9721,6,0.000601926,0,0.00389528
mnist,"[50, 50, 50]",20,103,2,0.5,9968,16,9380,9390,10,0.00100321,0.0004,0.00636762
mnist,"[50, 50, 50]",20,103,2,1,9968,16,9269,9269,0,0,4.44089e-15,4.88498e-15
mnist,"[50, 50, 50]",20,103,3,0.1,9995,16,9992,9992,0,0,0,0
mnist,"[50, 50, 50]",20,103,3,0.3,9995,16,9814,9825,11,0.00110055,0,0.00714134
mnist,"[50, 50, 50]",20,103,3,0.5,9995,16,9170,9193,23,0.00230115,4.88498e-15,0.0149319
mnist,"[50, 50, 50]",20,103,3,1,9995,16,7894,7899,5,0.00050025,0.00128107,0.00359741
mnist,"[50, 50, 50]",20,104,1,0.1,9586,16,9586,9586,0,0,4.88498e-15,4.88498e-15
mnist,"[50, 50, 50]",20,104,1,0.3,9586,16,9586,9586,0,0,4.88498e-15,4.88498e-15
mnist,"[50, 50, 50]",20,104,1,0.5,9586,16,9586,9586,0,0,4.88498e-15,4.88498e-15
mnist,"[50, 50, 50]",20,104,1,1,9586,16,9586,9586,0,0,4.88498e-15,4.88498e-15
mnist,"[50, 50, 50]",20,104,2,0.1,9966,16,9962,9962,0,0,0,0
mnist,"[50, 50, 50]",20,104,2,0.3,9966,16,9646,9661,15,0.00150512,0.000360964,0.00941368
mnist,"[50, 50, 50]",20,104,2,0.5,9966,16,9134,9146,12,0.00120409,0.000924511,0.00739055
mnist,"[50, 50, 50]",20,104,2,1,9966,16,9023,9023,0,0,0,0
mnist,"[50, 50, 50]",20,104,3,0.1,9996,16,9994,9994,0,0,0,0
mnist,"[50, 50, 50]",20,104,3,0.3,9996,16,9842,9850,8,0.00080032,4.88498e-15,0.0051937
mnist,"[50, 50, 50]",20,104,3,0.5,9996,16,9235,9258,23,0.00230092,4.44089e-15,0.0149319
mnist,"[50, 50, 50]",20,104,3,1,9996,16,8269,8270,1,0.00010004,0.000275489,0.000573724
mnist,"[50, 50, 50]",20,105,1,0.1,9671,16,9671,9671,0,0,0,0
mnist,"[50, 50, 50]",20,105,1,0.3,9671,16,9671,9671,0,0,0,0
mnist,"[50, 50, 50]",20,105,1,0.5,9671,16,9671,9671,0,0,0,0
mnist,"[50, 50, 50]",20,105,1,1,9671,16,9671,9671,0,0,0,0
mnist,"[50, 50, 50]",20,105,2,0.1,9952,16,9952,9952,0,0,0,0
mnist,"[50, 50, 50]",20,105,2,0.3,9952,16,9695,9702,7,0.000703376,0,0.00454449
mnist,"[50, 50, 50]",20,105,2,0.5,9952,16,9245,9253,8,0.000803859,0.000324511,0.00486919
mnist,"[50, 50, 50]",20,105,2,1,9952,16,9141,9141,0,0,4.88498e-15,5.32907e-15
mnist,"[50, 50, 50]",20,105,3,0.1,9995,16,9993,9993,0,0,0,0
mnist,"[50, 50, 50]",20,105,3,0.3,9995,16,9924,9927,3,0.00030015,0,0.00194764
mnist,"[50, 50, 50]",20,105,3,0.5,9995,16,9555,9566,11,0.00110055,1.77636e-15,0.00714134
mnist,"[50, 50, 50]",20,105,3,1,9995,16,8583,8587,4,0.0004002,0.000483874,0.00254783
mnist,"[7, 7, 7]",2,101,1,0.1,17,16,17,17,0,0,1.33227e-15,1.33227e-15
mnist,"[7, 7, 7]",2,101,1,0.3,17,16,17,17,0,0,1.33227e-15,1.33227e-15
mnist,"[7, 7, 7]",2,101,1,0.5,17,16,17,17,0,0,1.33227e-15,1.33227e-15
mnist,"[7, 7, 7]",2,101,1,1,17,16,17,17,0,0,1.33227e-15,1.33227e-15
mnist,"[7, 7, 7]",2,101,2,0.1,56,16,51,51,0,0,2.88658e-15,2.66454e-15
mnist,"[7, 7, 7]",2,101,2,0.3,56,16,43,43,0,0,0.0170405,0.0170405
mnist,"[7, 7, 7]",2,101,2,0.5,56,16,27,29,2,0.0357143,0.0253261,0.0253261
mnist,"[7, 7, 7]",2,101,2,1,56,16,17,20,3,0.0535714,0.0440978,0.0427994
mnist,"[7, 7, 7]",2,101,3,0.1,133,16,123,123,0,0,3.77476e-15,3.77476e-15
mnist,"[7, 7, 7]",2,101,3,0.3,133,16,76,79,3,0.0225564,0.0202603,0.0215587
mnist,"[7, 7, 7]",2,101,3,0.5,133,16,45,49,4,0.0300752,0.0378802,0.0365818
mnist,"[7, 7, 7]",2,101,3,1,133,16,26,30,4,0.0300752,0.0234077,0.0217198
mnist,"[7, 7, 7]",2,102,1,0.1,14,16,14,14,0,0,3.77476e-15,3.77476e-15
mnist,"[7, 7, 7]",2,102,1,0.3,14,16,14,14,0,0,3.77476e-15,3.77476e-15
mnist,"[7, 7, 7]",2,102,1,0.5,14,16,14,14,0,0,3.77476e-15,3.77476e-15
mnist,"[7, 7, 7]",2,102,1,1,14,16,14,14,0,0,3.77476e-15,3.77476e-15
mnist,"[7, 7, 7]",2,102,2,0.1,45,16,41,41,0,0,2.44249e-15,2.66454e-15
mnist,"[7, 7, 7]",2,102,2,0.3,45,16,36,36,0,0,1.22125e-15,1.33227e-15
mnist,"[7, 7, 7]",2,102,2,0.5,45,16,25,29,4,0.0888889,0.037049,0.0360101
mnist,"[7, 7, 7]",2,102,2,1,45,16,14,16,2,0.0444444,0.0786252,0.077976
mnist,"[7, 7, 7]",2,102,3,0.1,103,16,91,91,0,0,2.44249e-15,2.44249e-15
mnist,"[7, 7, 7]",2,102,3,0.3,103,16,70,74,4,0.038835,0.0165934,0.0158793
mnist,"[7, 7, 7]",2,102,3,0.5,103,16,49,54,5,0.0485437,0.0310013,0.0297029
mnist,"[7, 7, 7]",2,102,3,1,103,16,25,29,4,0.038835,0.135834,0.133886
mnist,"[7, 7, 7]",2,103,1,0.1,21,16,21,21,0,0,1.22125e-15,1.22125e-15
mnist,"[7, 7, 7]",2,103,1,0.3,21,16,21,21,0,0,1.22125e-15,1.22125e-15
mnist,"[7, 7, 7]",2,103,1,0.5,21,16,21,21,0,0,1.22125e-15,1.22125e-15
mnist,"[7, 7, 7]",2,103,1,1,21,16,21,21,0,0,1.22125e-15,1.22125e-15
mnist,"[7, 7, 7]",2,103,2,0.1,54,16,54,54,0,0,2.44249e-15,2.44249e-15
mnist,"[7, 7, 7]",2,103,2,0.3,54,16,43,44,1,0.0185185,0.0104616,0.00981242
mnist,"[7, 7, 7]",2,103,2,0.5,54,16,32,34,2,0.037037,0.0556861,0.0543876
mnist,"[7, 7, 7]",2,103,2,1,54,16,17,18,1,0.0185185,0.0833899,0.0829648
mnist,"[7, 7, 7]",2,103,3,0.1,126,16,125,125,0,0,2.44249e-15,2.44249e-15
mnist,"[7, 7, 7]",2,103,3,0.3,126,16,95,98,3,0.0238095,0.0134016,0.0134285
mnist,"[7, 7, 7]",2,103,3,0.5,126,16,62,66,4,0.031746,0.0575853,0.0549885
mnist,"[7, 7, 7]",2,103,3,1,126,16,29,31,2,0.015873,0.0428483,0.04266
mnist,"[7, 7, 7]",2,104,1,0.1,20,16,20,20,0,0,2.66454e-15,2.66454e-15
mnist,"[7, 7, 7]",2,104,1,0.3,20,16,20,20,0,0,2.66454e-15,2.66454e-15
mnist,"[7, 7, 7]",2,104,1,0.5,20,16,20,20,0,0,2.66454e-15,2.66454e-15
mnist,"[7, 7, 7]",2,104,1,1,20,16,20,20,0,0,2.66454e-15,2.66454e-15
mnist,"[7, 7, 7]",2,104,2,0.1,78,16,77,77,0,0,1.11022e-15,1.33227e-15
mnist,"[7, 7, 7]",2,104,2,0.3,78,16,67,67,0,0,0.00344508,0.00344508
mnist,"[7, 7, 7]",2,104,2,0.5,78,16,39,41,2,0.025641,0.0330415,0.031743
mnist,"[7, 7, 7]",2,104,2,1,78,16,24,26,2,0.025641,0.0367076,0.0363083
mnist,"[7, 7, 7]",2,104,3,0.1,146,16,140,140,0,0,2.88658e-15,2.66454e-15
mnist,"[7, 7, 7]",2,104,3,0.3,146,16,92,97,5,0.0342466,0.0159053,0.0148322
mnist,"[7, 7, 7]",2,104,3,0.5,146,16,49,53,4,0.0273973,0.0454934,0.0435457
mnist,"[7, 7, 7]",2,104,3,1,146,16,19,22,3,0.0205479,0.119421,0.117473
mnist,"[7, 7, 7]",2,105,1,0.1,23,16,23,23,0,0,1.33227e-15,1.33227e-15
mnist,"[7, 7, 7]",2,105,1,0.3,23,16,23,23,0,0,1.33227e-15,1.33227e-15
mnist,"[7, 7, 7]",2,105,1,0.5,23,16,23,23,0,0,1.33227e-15,1.33227e-15
mnist,"[7, 7, 7]",2,105,1,1,23,16,23,23,0,0,1.33227e-15,1.33227e-15
mnist,"[7, 7, 7]",2,105,2,0.1,46,16,46,46,0,0,2.66454e-15,2.66454e-15
mnist,"[7, 7, 7]",2,105,2,0.3,46,16,33,35,2,0.0434783,0.00615822,0.00485979
mnist,"[7, 7, 7]",2,105,2,0.5,46,16,24,26,2,0.0434783,0.0952001,0.0957537
mnist,"[7, 7, 7]",2,105,2,1,46,16,11,12,1,0.0217391,0.216942,0.216293
mnist,"[7, 7, 7]",2,105,3,0.1,109,16,102,102,0,0,2.44249e-15,2.22045e-15
mnist,"[7, 7, 7]",2,105,3,0.3,109,16,76,78,2,0.0183486,0.00087199,0.000916768
mnist,"[7, 7, 7]",2,105,3,0.5,109,16,49,58,9,0.0825688,0.0242705,0.0220228
mnist,"[7, 7, 7]",2,105,3,1,109,16,20,22,2,0.0183486,0.175035,0.175035
mnist,"[7, 7, 7]",3,101,1,0.1,15,16,15,15,0,0,2.55351e-15,2.55351e-15
mnist,"[7, 7, 7]",3,101,1,0.3,15,16,15,15,0,0,2.55351e-15,2.55351e-15
mnist,"[7, 7, 7]",3,101,1,0.5,15,16,15,15,0,0,2.55351e-15,2.55351e-15
mnist,"[7, 7, 7]",3,101,1,1,15,16,15,15,0,0,2.55351e-15,2.55351e-15
mnist,"[7, 7, 7]",3,101,2,0.1,97,16,97,97,0,0,2.66454e-15,2.66454e-15
mnist,"[7, 7, 7]",3,101,2,0.3,97,16,88,90,2,0.0206186,0.0505534,0.0496502
mnist,"[7, 7, 7]",3,101,2,0.5,97,16,55,59,4,0.0412371,0.0793641,0.0793641
mnist,"[7, 7, 7]",3,101,2,1,97,16,31,33,2,0.0206186,0.0428494,0.0422002
mnist,"[7, 7, 7]",3,101,3,0.1,272,16,272,272,0,0,1.33227e-15,1.33227e-15
mnist,"[7, 7, 7]",3,101,3,0.3,272,16,195,199,4,0.0147059,0.0120223,0.0110448
mnist,"[7, 7, 7]",3,101,3,0.5,272,16,104,113,9,0.0330882,0.0475224,0.0455085
mnist,"[7, 7, 7]",3,101,3,1,272,16,33,39,6,0.0220588,0.087291,0.0846942
mnist,"[7, 7, 7]",3,102,1,0.1,27,16,27,27,0,0,2.44249e-15,2.55351e-15
mnist,"[7, 7, 7]",3,102,1,0.3,27,16,27,27,0,0,2.44249e-15,2.55351e-15
mnist,"[7, 7, 7]",3,102,1,0.5,27,16,27,27,0,0,2.44249e-15,2.55351e-15
mnist,"[7, 7, 7]",3,102,1,1,27,16,27,27,0,0,2.44249e-15,2.55351e-15
mnist,"[7, 7, 7]",3,102,2,0.1,81,16,81,81,0,0,2.44249e-15,2.44249e-15
mnist,"[7, 7, 7]",3,102,2,0.3,81,16,66,66,0,0,1.33227e-15,1.55431e-15
mnist,"[7, 7, 7]",3,102,2,0.5,81,16,41,44,3,0.037037,0.0137508,0.0131015
mnist,"[7, 7, 7]",3,102,2,1,81,16,19,23,4,0.0493827,0.215241,0.214591
mnist,"[7, 7, 7]",3,102,3,0.1,192,16,166,166,0,0,3.77476e-15,3.77476e-15
mnist,"[7, 7, 7]",3,102,3,0.3,192,16,131,135,4,0.0208333,0.0147892,0.0139757
mnist,"[7, 7, 7]",3,102,3,0.5,192,16,82,87,5,0.0260417,0.0226175,0.0206699
mnist,"[7, 7, 7]",3,102,3,1,192,16,31,35,4,0.0208333,0.144759,0.144759
mnist,"[7, 7, 7]",3,103,1,0.1,22,16,22,22,0,0,3.77476e-15,3.77476e-15
mnist,"[7, 7, 7]",3,103,1,0.3,22,16,22,22,0,0,3.77476e-15,3.77476e-15
mnist,"[7, 7, 7]",3,103,1,0.5,22,16,22,22,0,0,3.77476e-15,3.77476e-15
mnist,"[7, 7, 7]",3,103,1,1,22,16,22,22,0,0,3.77476e-15,3.77476e-15
mnist,"[7, 7, 7]",3,103,2,0.1,105,16,105,105,0,0,2.44249e-15,2.44249e-15
mnist,"[7, 7, 7]",3,103,2,0.3,105,16,87,88,1,0.00952381,0.000589854,0.000248726
mnist,"[7, 7, 7]",3,103,2,0.5,105,16,57,60,3,0.0285714,0.0105092,0.00950849
mnist,"[7, 7, 7]",3,103,2,1,105,16,29,31,2,0.0190476,0.145305,0.144656
mnist,"[7, 7, 7]",3,103,3,0.1,262,16,261,261,0,0,2.66454e-15,2.88658e-15
mnist,"[7, 7, 7]",3,103,3,0.3,262,16,180,184,4,0.0152672,0.0232112,0.0226408
mnist,"[7, 7, 7]",3,103,3,0.5,262,16,115,121,6,0.0229008,0.0391973,0.0398465
mnist,"[7, 7, 7]",3,103,3,1,262,16,35,41,6,0.0229008,0.124661,0.122673
mnist,"[7, 7, 7]",3,104,1,0.1,33,16,33,33,0,0,1.33227e-15,1.11022e-15
mnist,"[7, 7, 7]",3,104,1,0.3,33,16,33,33,0,0,1.33227e-15,1.11022e-15
mnist,"[7, 7, 7]",3,104,1,0.5,33,16,33,33,0,0,1.33227e-15,1.11022e-15
mnist,"[7, 7, 7]",3,104,1,1,33,16,33,33,0,0,1.33227e-15,1.11022e-15
mnist,"[7, 7, 7]",3,104,2,0.1,177,16,176,176,0,0,0,0
mnist,"[7, 7, 7]",3,104,2,0.3,177,16,132,136,4,0.0225989,0.0089327,0.00655755
mnist,"[7, 7, 7]",3,104,2,0.5,177,16,90,96,6,0.0338983,0.0569811,0.0569811
mnist,"[7, 7, 7]",3,104,2,1,177,16,32,36,4,0.0225989,0.0358035,0.0345051
mnist,"[7, 7, 7]",3,104,3,0.1,488,16,483,483,0,0,2.22045e-15,2.66454e-15
mnist,"[7, 7, 7]",3,104,3,0.3,488,16,352,357,5,0.0102459,0.00443717,0.00444854
mnist,"[7, 7, 7]",3,104,3,0.5,488,16,201,213,12,0.0245902,0.032395,0.0291489
mnist,"[7, 7, 7]",3,104,3,1,488,16,54,64,10,0.0204918,0.0969022,0.0969022
mnist,"[7, 7, 7]",3,105,1,0.1,22,16,22,22,0,0,1.22125e-15,1.22125e-15
mnist,"[7, 7, 7]",3,105,1,0.3,22,16,22,22,0,0,1.22125e-15,1.22125e-15
mnist,"[7, 7, 7]",3,105,1,0.5,22,16,22,22,0,0,1.22125e-15,1.22125e-15
mnist,"[7, 7, 7]",3,105,1,1,22,16,22,22,0,0,1.22125e-15,1.22125e-15
mnist,"[7, 7, 7]",3,105,2,0.1,111,16,107,107,0,0,3.55271e-15,3.55271e-15
mnist,"[7, 7, 7]",3,105,2,0.3,111,16,78,81,3,0.027027,0.014746,0.013
mnist,"[7, 7, 7]",3,105,2,0.5,111,16,53,56,3,0.027027,0.0487896,0.0481404
mnist,"[7, 7, 7]",3,105,2,1,111,16,23,26,3,0.027027,0.0996739,0.0990247
mnist,"[7, 7, 7]",3,105,3,0.1,187,16,178,178,0,0,0,0
mnist,"[7, 7, 7]",3,105,3,0.3,187,16,128,131,3,0.0160428,0.0168866,0.0154027
mnist,"[7, 7, 7]",3,105,3,0.5,187,16,79,88,9,0.0481283,0.116017,0.116017
mnist,"[7, 7, 7]",3,105,3,1,187,16,29,35,6,0.0320856,0.214533,0.213234
mnist,"[7, 7, 7]",4,101,1,0.1,34,16,34,34,0,0,2.66454e-15,2.66454e-15
mnist,"[7, 7, 7]",4,101,1,0.3,34,16,34,34,0,0,2.66454e-15,2.66454e-15
mnist,"[7, 7, 7]",4,101,1,0.5,34,16,34,34,0,0,2.66454e-15,2.66454e-15
mnist,"[7, 7, 7]",4,101,1,1,34,16,34,34,0,0,2.66454e-15,2.66454e-15
mnist,"[7, 7, 7]",4,101,2,0.1,109,16,109,109,0,0,3.77476e-15,3.77476e-15
mnist,"[7, 7, 7]",4,101,2,0.3,109,16,96,98,2,0.0183486,0.00187445,0.00116648
mnist,"[7, 7, 7]",4,101,2,0.5,109,16,64,67,3,0.0275229,0.074531,0.0738818
mnist,"[7, 7, 7]",4,101,2,1,109,16,23,29,6,0.0550459,0.269003,0.269003
mnist,"[7, 7, 7]",4,101,3,0.1,358,16,351,351,0,0,1.11022e-15,1.11022e-15
mnist,"[7, 7, 7]",4,101,3,0.3,358,16,269,275,6,0.0167598,0.00609016,0.00367996
mnist,"[7, 7, 7]",4,101,3,0.5,358,16,160,169,9,0.0251397,0.0430116,0.0459713
mnist,"[7, 7, 7]",4,101,3,1,358,16,38,46,8,0.0223464,0.127538,0.126239
mnist,"[7, 7, 7]",4,102,1,0.1,17,16,17,17,0,0,1.33227e-15,1.27676e-15
mnist,"[7, 7, 7]",4,102,1,0.3,17,16,17,17,0,0,1.33227e-15,1.27676e-15
mnist,"[7, 7, 7]",4,102,1,0.5,17,16,17,17,0,0,1.33227e-15,1.27676e-15
mnist,"[7, 7, 7]",4,102,1,1,17,16,17,17,0,0,1.33227e-15,1.27676e-15
mnist,"[7, 7, 7]",4,102,2,0.1,101,16,101,101,0,0,1.22125e-15,1.22125e-15
mnist,"[7, 7, 7]",4,102,2,0.3,101,16,95,95,0,0,1.22125e-15,1.33227e-15
mnist,"[7, 7, 7]",4,102,2,0.5,101,16,67,70,3,0.029703,0.0667185,0.0660693
mnist,"[7, 7, 7]",4,102,2,1,101,16,31,34,3,0.029703,0.0322922,0.031643
mnist,"[7, 7, 7]",4,102,3,0.1,409,16,406,406,0,0,3.77476e-15,3.77476e-15
mnist,"[7, 7, 7]",4,102,3,0.3,409,16,325,331,6,0.0146699,0.00677062,0.00677062
mnist,"[7, 7, 7]",4,102,3,0.5,409,16,210,226,16,0.0391198,0.056035,0.0506683
mnist,"[7, 7, 7]",4,102,3,1,409,16,62,75,13,0.0317848,0.158477,0.160424
mnist,"[7, 7, 7]",4,103,1,0.1,47,16,47,47,0,0,2.88658e-15,2.88658e-15
mnist,"[7, 7, 7]",4,103,1,0.3,47,16,47,47,0,0,2.88658e-15,2.88658e-15
mnist,"[7, 7, 7]",4,103,1,0.5,47,16,47,47,0,0,2.88658e-15,2.88658e-15
mnist,"[7, 7, 7]",4,103,1,1,47,16,47,47,0,0,2.88658e-15,2.88658e-15
mnist,"[7, 7, 7]",4,103,2,0.1,236,16,234,234,0,0,1.33227e-15,1.33227e-15
mnist,"[7, 7, 7]",4,103,2,0.3,236,16,193,197,4,0.0169492,0.051767,0.052154
mnist,"[7, 7, 7]",4,103,2,0.5,236,16,128,133,5,0.0211864,0.0418268,0.0411775
mnist,"[7, 7, 7]",4,103,2,1,236,16,63,71,8,0.0338983,0.151755,0.153054
mnist,"[7, 7, 7]",4,103,3,0.1,527,16,520,520,0,0,2.66454e-15,2.88658e-15
mnist,"[7, 7, 7]",4,103,3,0.3,527,16,340,349,9,0.0170778,0.0193607,0.0200099
mnist,"[7, 7, 7]",4,103,3,0.5,527,16,172,186,14,0.0265655,0.0737809,0.0735111
mnist,"[7, 7, 7]",4,103,3,1,527,16,44,51,7,0.0132827,0.0974114,0.0967622
mnist,"[7, 7, 7]",4,104,1,0.1,30,16,30,30,0,0,2.22045e-15,2.66454e-15
mnist,"[7, 7, 7]",4,104,1,0.3,30,16,30,30,0,0,2.22045e-15,2.66454e-15
mnist,"[7, 7, 7]",4,104,1,0.5,30,16,30,30,0,0,2.22045e-15,2.66454e-15
mnist,"[7, 7, 7]",4,104,1,1,30,16,30,30,0,0,2.22045e-15,2.66454e-15
mnist,"[7, 7, 7]",4,104,2,0.1,153,16,153,153,0,0,2.66454e-15,2.66454e-15
mnist,"[7, 7, 7]",4,104,2,0.3,153,16,119,120,1,0.00653595,0.00206999,0.00142078
mnist,"[7, 7, 7]",4,104,2,0.5,153,16,72,79,7,0.0457516,0.078042,0.0734975
mnist,"[7, 7, 7]",4,104,2,1,153,16,28,32,4,0.0261438,0.103886,0.101938
mnist,"[7, 7, 7]",4,104,3,0.1,467,16,447,447,0,0,1.55431e-15,1.33227e-15
mnist,"[7, 7, 7]",4,104,3,0.3,467,16,373,375,2,0.00428266,0.00282141,0.002452
mnist,"[7, 7, 7]",4,104,3,0.5,467,16,207,217,10,0.0214133,0.0499369,0.0518845
mnist,"[7, 7, 7]",4,104,3,1,467,16,46,53,7,0.0149893,0.128465,0.125219
mnist,"[7, 7, 7]",4,105,1,0.1,36,16,36,36,0,0,3.88578e-15,3.9968e-15
mnist,"[7, 7, 7]",4,105,1,0.3,36,16,36,36,0,0,3.88578e-15,3.9968e-15
mnist,"[7, 7, 7]",4,105,1,0.5,36,16,36,36,0,0,3.88578e-15,3.9968e-15
mnist,"[7, 7, 7]",4,105,1,1,36,16,36,36,0,0,3.88578e-15,3.9968e-15
mnist,"[7, 7, 7]",4,105,2,0.1,233,16,233,233,0,0,2.44249e-15,2.44249e-15
mnist,"[7, 7, 7]",4,105,2,0.3,233,16,203,203,0,0,0.000781326,0.000781326
mnist,"[7, 7, 7]",4,105,2,0.5,233,16,135,141,6,0.0257511,0.0253467,0.0259959
mnist,"[7, 7, 7]",4,105,2,1,233,16,47,55,8,0.0343348,0.082905,0.0848526
mnist,"[7, 7, 7]",4,105,3,0.1,605,16,600,600,0,0,3.10862e-15,2.66454e-15
mnist,"[7, 7, 7]",4,105,3,0.3,605,16,425,434,9,0.014876,0.0256676,0.0224216
mnist,"[7, 7, 7]",4,105,3,0.5,605,16,231,243,12,0.0198347,0.0854242,0.0912671
mnist,"[7, 7, 7]",4,105,3,1,605,16,51,61,10,0.0165289,0.244299,0.244299
mnist,"[7, 7, 7]",5,101,1,0.1,47,16,47,47,0,0,3.9968e-15,3.9968e-15
mnist,"[7, 7, 7]",5,101,1,0.3,47,16,47,47,0,0,3.9968e-15,3.9968e-15
mnist,"[7, 7, 7]",5,101,1,0.5,47,16,47,47,0,0,3.9968e-15,3.9968e-15
mnist,"[7, 7, 7]",5,101,1,1,47,16,47,47,0,0,3.9968e-15,3.9968e-15
mnist,"[7, 7, 7]",5,101,2,0.1,274,16,274,274,0,0,1.33227e-15,1.11022e-15
mnist,"[7, 7, 7]",5,101,2,0.3,274,16,230,230,0,0,0.00135323,0.00135323
mnist,"[7, 7, 7]",5,101,2,0.5,274,16,143,153,10,0.0364964,0.0403755,0.0354548
mnist,"[7, 7, 7]",5,101,2,1,274,16,41,50,9,0.0328467,0.0788997,0.0776012
mnist,"[7, 7, 7]",5,101,3,0.1,751,16,751,751,0,0,2.66454e-15,2.66454e-15
mnist,"[7, 7, 7]",5,101,3,0.3,751,16,539,554,15,0.0199734,0.0230496,0.0228084
mnist,"[7, 7, 7]",5,101,3,0.5,751,16,287,308,21,0.0279627,0.0482071,0.0420102
mnist,"[7, 7, 7]",5,101,3,1,751,16,54,62,8,0.0106525,0.100667,0.0993689
mnist,"[7, 7, 7]",5,102,1,0.1,49,16,49,49,0,0,2.44249e-15,2.66454e-15
mnist,"[7, 7, 7]",5,102,1,0.3,49,16,49,49,0,0,2.44249e-15,2.66454e-15
mnist,"[7, 7, 7]",5,102,1,0.5,49,16,49,49,0,0,2.44249e-15,2.66454e-15
mnist,"[7, 7, 7]",5,102,1,1,49,16,49,49,0,0,2.44249e-15,2.66454e-15
mnist,"[7, 7, 7]",5,102,2,0.1,215,16,215,215,0,0,2.66454e-15,2.44249e-15
mnist,"[7, 7, 7]",5,102,2,0.3,215,16,160,163,3,0.0139535,0.0180435,0.0173943
mnist,"[7, 7, 7]",5,102,2,0.5,215,16,91,97,6,0.027907,0.105594,0.104945
mnist,"[7, 7, 7]",5,102,2,1,215,16,32,37,5,0.0232558,0.114377,0.114377
mnist,"[7, 7, 7]",5,102,3,0.1,767,16,767,767,0,0,2.22045e-15,2.88658e-15
mnist,"[7, 7, 7]",5,102,3,0.3,767,16,572,584,12,0.0156454,0.0255882,0.0232999
mnist,"[7, 7, 7]",5,102,3,0.5,767,16,335,344,9,0.011734,0.0539982,0.0507522
mnist,"[7, 7, 7]",5,102,3,1,767,16,107,118,11,0.0143416,0.0257667,0.0238191
mnist,"[7, 7, 7]",5,103,1,0.1,39,16,39,39,0,0,2.66454e-15,2.66454e-15
mnist,"[7, 7, 7]",5,103,1,0.3,39,16,39,39,0,0,2.66454e-15,2.66454e-15
mnist,"[7, 7, 7]",5,103,1,0.5,39,16,39,39,0,0,2.66454e-15,2.66454e-15
mnist,"[7, 7, 7]",5,103,1,1,39,16,39,39,0,0,2.66454e-15,2.66454e-15
mnist,"[7, 7, 7]",5,103,2,0.1,221,16,221,221,0,0,1.55431e-15,1.33227e-15
mnist,"[7, 7, 7]",5,103,2,0.3,221,16,185,186,1,0.00452489,0.0215823,0.0222315
mnist,"[7, 7, 7]",5,103,2,0.5,221,16,91,99,8,0.0361991,0.113041,0.113041
mnist,"[7, 7, 7]",5,103,2,1,221,16,38,41,3,0.0135747,0.0271429,0.0251953
mnist,"[7, 7, 7]",5,103,3,0.1,748,16,748,748,0,0,1.77636e-15,2.44249e-15
mnist,"[7, 7, 7]",5,103,3,0.3,748,16,583,591,8,0.0106952,0.00273584,0.00525037
mnist,"[7, 7, 7]",5,103,3,0.5,748,16,320,336,16,0.0213904,0.0914524,0.0888556
mnist,"[7, 7, 7]",5,103,3,1,748,16,84,92,8,0.0106952,0.142486,0.141188
mnist,"[7, 7, 7]",5,104,1,0.1,57,16,57,57,0,0,1.33227e-15,1.55431e-15
mnist,"[7, 7, 7]",5,104,1,0.3,57,16,57,57,0,0,1.33227e-15,1.55431e-15
mnist,"[7, 7, 7]",5,104,1,0.5,57,16,57,57,0,0,1.33227e-15,1.55431e-15
mnist,"[7, 7, 7]",5,104,1,1,57,16,57,57,0,0,1.33227e-15,1.55431e-15
mnist,"[7, 7, 7]",5,104,2,0.1,487,16,487,487,0,0,2.44249e-15,2.22045e-15
mnist,"[7, 7, 7]",5,104,2,0.3,487,16,386,389,3,0.00616016,0.0069044,0.00581004
mnist,"[7, 7, 7]",5,104,2,0.5,487,16,233,244,11,0.0225873,0.0967893,0.0974386
mnist,"[7, 7, 7]",5,104,2,1,487,16,69,79,10,0.0205339,0.0313512,0.0284133
mnist,"[7, 7, 7]",5,104,3,0.1,1248,16,1246,1246,0,0,3.9968e-15,3.9968e-15
mnist,"[7, 7, 7]",5,104,3,0.3,1248,16,895,906,11,0.0088141,0.00561162,0.00882522
mnist,"[7, 7, 7]",5,104,3,0.5,1248,16,414,431,17,0.0136218,0.0471463,0.0487211
mnist,"[7, 7, 7]",5,104,3,1,1248,16,76,85,9,0.00721154,0.0639006,0.0632514
mnist,"[7, 7, 7]",5,105,1,0.1,57,16,57,57,0,0,3.9968e-15,3.55271e-15
mnist,"[7, 7, 7]",5,105,1,0.3,57,16,57,57,0,0,3.9968e-15,3.55271e-15
mnist,"[7, 7, 7]",5,105,1,0.5,57,16,57,57,0,0,3.9968e-15,3.55271e-15
mnist,"[7, 7, 7]",5,105,1,1,57,16,57,57,0,0,3.9968e-15,3.55271e-15
mnist,"[7, 7, 7]",5,105,2,0.1,300,16,300,300,0,0,3.77476e-15,3.77476e-15
mnist,"[7, 7, 7]",5,105,2,0.3,300,16,274,274,0,0,3.77476e-15,3.77476e-15
mnist,"[7, 7, 7]",5,105,2,0.5,300,16,191,197,6,0.02,0.0807027,0.0807027
mnist,"[7, 7, 7]",5,105,2,1,300,16,58,64,6,0.02,0.151946,0.149999
mnist,"[7, 7, 7]",5,105,3,0.1,583,16,583,583,0,0,2.88658e-15,2.66454e-15
mnist,"[7, 7, 7]",5,105,3,0.3,583,16,420,429,9,0.0154374,0.0168292,0.0154567
mnist,"[7, 7, 7]",5,105,3,0.5,583,16,226,239,13,0.0222985,0.0899332,0.0840903
mnist,"[7, 7, 7]",5,105,3,1,583,16,42,49,7,0.0120069,0.1617,0.159103
mnist,"[7, 7, 7]",10,101,1,0.1,76,16,76,76,0,0,2.66454e-15,2.66454e-15
mnist,"[7, 7, 7]",10,101,1,0.3,76,16,76,76,0,0,2.66454e-15,2.66454e-15
mnist,"[7, 7, 7]",10,101,1,0.5,76,16,76,76,0,0,2.66454e-15,2.66454e-15
mnist,"[7, 7, 7]",10,101,1,1,76,16,76,76,0,0,2.66454e-15,2.66454e-15
mnist,"[7, 7, 7]",10,101,2,0.1,544,16,544,544,0,0,2.44249e-15,2.44249e-15
mnist,"[7, 7, 7]",10,101,2,0.3,544,16,515,516,1,0.00183824,3.9968e-15,0.000649213
mnist,"[7, 7, 7]",10,101,2,0.5,544,16,319,330,11,0.0202206,0.0855737,0.0842753
mnist,"[7, 7, 7]",10,101,2,1,544,16,93,101,8,0.0147059,0.102336,0.104933
mnist,"[7, 7, 7]",10,101,3,0.1,1259,16,1247,1247,0,0,5.32907e-15,5.32907e-15
mnist,"[7, 7, 7]",10,101,3,0.3,1259,16,999,1007,8,0.00635425,0.0227587,0.0247063
mnist,"[7, 7, 7]",10,101,3,0.5,1259,16,614,643,29,0.0230342,0.0541009,0.0625406
mnist,"[7, 7, 7]",10,101,3,1,1259,16,148,163,15,0.0119142,0.118719,0.112876
mnist,"[7, 7, 7]",10,102,1,0.1,64,16,64,64,0,0,1.33227e-15,1.33227e-15
mnist,"[7, 7, 7]",10,102,1,0.3,64,16,64,64,0,0,1.33227e-15,1.33227e-15
mnist,"[7, 7, 7]",10,102,1,0.5,64,16,64,64,0,0,1.33227e-15,1.33227e-15
mnist,"[7, 7, 7]",10,102,1,1,64,16,64,64,0,0,1.33227e-15,1.33227e-15
mnist,"[7, 7, 7]",10,102,2,0.1,339,16,339,339,0,0,1.33227e-15,1.33227e-15
mnist,"[7, 7, 7]",10,102,2,0.3,339,16,314,315,1,0.00294985,0.000387759,0.00103697
mnist,"[7, 7, 7]",10,102,2,0.5,339,16,215,221,6,0.0176991,0.143605,0.143605
mnist,"[7, 7, 7]",10,102,2,1,339,16,48,55,7,0.020649,0.203322,0.199427
mnist,"[7, 7, 7]",10,102,3,0.1,1245,16,1240,1240,0,0,3.10862e-15,2.66454e-15
mnist,"[7, 7, 7]",10,102,3,0.3,1245,16,1015,1027,12,0.00963855,0.00835177,0.00846639
mnist,"[7, 7, 7]",10,102,3,0.5,1245,16,631,647,16,0.0128514,0.057516,0.0555683
mnist,"[7, 7, 7]",10,102,3,1,1245,16,183,195,12,0.00963855,0.0812335,0.0831811
mnist,"[7, 7, 7]",10,103,1,0.1,90,16,90,90,0,0,2.88658e-15,2.66454e-15
mnist,"[7, 7, 7]",10,103,1,0.3,90,16,90,90,0,0,2.88658e-15,2.66454e-15
mnist,"[7, 7, 7]",10,103,1,0.5,90,16,90,90,0,0,2.88658e-15,2.66454e-15
mnist,"[7, 7, 7]",10,103,1,1,90,16,90,90,0,0,2.88658e-15,2.66454e-15
mnist,"[7, 7, 7]",10,103,2,0.1,539,16,536,536,0,0,1.33227e-15,1.33227e-15
mnist,"[7, 7, 7]",10,103,2,0.3,539,16,513,513,0,0,1.33227e-15,1.55431e-15
mnist,"[7, 7, 7]",10,103,2,0.5,539,16,363,371,8,0.0148423,0.040845,0.0434519
mnist,"[7, 7, 7]",10,103,2,1,539,16,106,119,13,0.0241187,0.130107,0.123615
mnist,"[7, 7, 7]",10,103,3,0.1,1015,16,985,986,1,0.000985222,0.000275489,0.000573724
mnist,"[7, 7, 7]",10,103,3,0.3,1015,16,812,824,12,0.0118227,0.00686404,0.00602009
mnist,"[7, 7, 7]",10,103,3,0.5,1015,16,485,502,17,0.0167488,0.0609736,0.0616228
mnist,"[7, 7, 7]",10,103,3,1,1015,16,101,116,15,0.0147783,0.18661,0.193102
mnist,"[7, 7, 7]",10,104,1,0.1,65,16,65,65,0,0,1.55431e-15,1.22125e-15
mnist,"[7, 7, 7]",10,104,1,0.3,65,16,65,65,0,0,1.55431e-15,1.22125e-15
mnist,"[7, 7, 7]",10,104,1,0.5,65,16,65,65,0,0,1.55431e-15,1.22125e-15
mnist,"[7, 7, 7]",10,104,1,1,65,16,65,65,0,0,1.55431e-15,1.22125e-15
mnist,"[7, 7, 7]",10,104,2,0.1,339,16,339,339,0,0,1.33227e-15,1.33227e-15
mnist,"[7, 7, 7]",10,104,2,0.3,339,16,336,336,0,0,2.88658e-15,2.66454e-15
mnist,"[7, 7, 7]",10,104,2,0.5,339,16,266,272,6,0.0176991,0.00255072,0.00166022
mnist,"[7, 7, 7]",10,104,2,1,339,16,79,87,8,0.0235988,0.160744,0.161394
mnist,"[7, 7, 7]",10,104,3,0.1,1166,16,1160,1160,0,0,2.22045e-15,1.33227e-15
mnist,"[7, 7, 7]",10,104,3,0.3,1166,16,1070,1073,3,0.0025729,3.9968e-15,0.00194764
mnist,"[7, 7, 7]",10,104,3,0.5,1166,16,718,732,14,0.0120069,0.0424641,0.0431134
mnist,"[7, 7, 7]",10,104,3,1,1166,16,156,170,14,0.0120069,0.103323,0.100077
mnist,"[7, 7, 7]",10,105,1,0.1,65,16,65,65,0,0,3.77476e-15,3.77476e-15
mnist,"[7, 7, 7]",10,105,1,0.3,65,16,65,65,0,0,3.77476e-15,3.77476e-15
mnist,"[7, 7, 7]",10,105,1,0.5,65,16,65,65,0,0,3.77476e-15,3.77476e-15
mnist,"[7, 7, 7]",10,105,1,1,65,16,65,65,0,0,3.77476e-15,3.77476e-15
mnist,"[7, 7, 7]",10,105,2,0.1,482,16,481,481,0,0,3.55271e-15,3.33067e-15
mnist,"[7, 7, 7]",10,105,2,0.3,482,16,442,442,0,0,5.10703e-15,5.32907e-15
mnist,"[7, 7, 7]",10,105,2,0.5,482,16,274,289,15,0.0311203,0.0772989,0.0734036
mnist,"[7, 7, 7]",10,105,2,1,482,16,75,87,12,0.0248963,0.063441,0.060195
mnist,"[7, 7, 7]",10,105,3,0.1,1404,16,1398,1399,1,0.000712251,3.9968e-15,0.000649213
mnist,"[7, 7, 7]",10,105,3,0.3,1404,16,1111,1117,6,0.0042735,0.00775147,0.00788196
mnist,"[7, 7, 7]",10,105,3,0.5,1404,16,596,622,26,0.0185185,0.0837393,0.0837603
mnist,"[7, 7, 7]",10,105,3,1,1404,16,107,123,16,0.011396,0.127129,0.121428
mnist,"[7, 7, 7]",15,101,1,0.1,45,16,45,45,0,0,2.44249e-15,2.55351e-15
mnist,"[7, 7, 7]",15,101,1,0.3,45,16,45,45,0,0,2.44249e-15,2.55351e-15
mnist,"[7, 7, 7]",15,101,1,0.5,45,16,45,45,0,0,2.44249e-15,2.55351e-15
mnist,"[7, 7, 7]",15,101,1,1,45,16,45,45,0,0,2.44249e-15,2.55351e-15
mnist,"[7, 7, 7]",15,101,2,0.1,432,16,425,426,1,0.00231481,3.77476e-15,0.000649213
mnist,"[7, 7, 7]",15,101,2,0.3,432,16,348,351,3,0.00694444,0.0029366,0.0034583
mnist,"[7, 7, 7]",15,101,2,0.5,432,16,215,225,10,0.0231481,0.0818569,0.07926
mnist,"[7, 7, 7]",15,101,2,1,432,16,81,89,8,0.0185185,0.0886579,0.0906056
mnist,"[7, 7, 7]",15,101,3,0.1,1372,16,1359,1360,1,0.000728863,3.9968e-15,0.000649213
mnist,"[7, 7, 7]",15,101,3,0.3,1372,16,1153,1161,8,0.0058309,0.00315531,0.00471664
mnist,"[7, 7, 7]",15,101,3,0.5,1372,16,694,711,17,0.0123907,0.063963,0.0678583
mnist,"[7, 7, 7]",15,101,3,1,1372,16,133,146,13,0.00947522,0.0806152,0.0793168
mnist,"[7, 7, 7]",15,102,1,0.1,67,16,67,67,0,0,1.33227e-15,1.11022e-15
mnist,"[7, 7, 7]",15,102,1,0.3,67,16,67,67,0,0,1.33227e-15,1.11022e-15
mnist,"[7, 7, 7]",15,102,1,0.5,67,16,67,67,0,0,1.33227e-15,1.11022e-15
mnist,"[7, 7, 7]",15,102,1,1,67,16,67,67,0,0,1.33227e-15,1.11022e-15
mnist,"[7, 7, 7]",15,102,2,0.1,437,16,436,436,0,0,2.88658e-15,2.44249e-15
mnist,"[7, 7, 7]",15,102,2,0.3,437,16,378,381,3,0.00686499,2.22045e-15,0.00194764
mnist,"[7, 7, 7]",15,102,2,0.5,437,16,220,233,13,0.0297483,0.046318,0.0469672
mnist,"[7, 7, 7]",15,102,2,1,437,16,62,71,9,0.020595,0.112854,0.110257
mnist,"[7, 7, 7]",15,102,3,0.1,1176,16,1175,1175,0,0,3.9968e-15,3.9968e-15
mnist,"[7, 7, 7]",15,102,3,0.3,1176,16,1034,1038,4,0.00340136,0.00407697,0.00360712
mnist,"[7, 7, 7]",15,102,3,0.5,1176,16,578,596,18,0.0153061,0.0758279,0.0647913
mnist,"[7, 7, 7]",15,102,3,1,1176,16,99,114,15,0.0127551,0.106228,0.109474
mnist,"[7, 7, 7]",15,103,1,0.1,83,16,83,83,0,0,0,0
mnist,"[7, 7, 7]",15,103,1,0.3,83,16,83,83,0,0,0,0
mnist,"[7, 7, 7]",15,103,1,0.5,83,16,83,83,0,0,0,0
mnist,"[7, 7, 7]",15,103,1,1,83,16,83,83,0,0,0,0
mnist,"[7, 7, 7]",15,103,2,0.1,467,16,467,467,0,0,2.66454e-15,2.66454e-15
mnist,"[7, 7, 7]",15,103,2,0.3,467,16,441,442,1,0.00214133,5.92152e-05,0.000620894
mnist,"[7, 7, 7]",15,103,2,0.5,467,16,278,287,9,0.0192719,0.104047,0.105995
mnist,"[7, 7, 7]",15,103,2,1,467,16,62,70,8,0.0171306,0.190895,0.189597
mnist,"[7, 7, 7]",15,103,3,0.1,1124,16,1124,1124,0,0,2.66454e-15,2.66454e-15
mnist,"[7, 7, 7]",15,103,3,0.3,1124,16,1006,1012,6,0.00533808,0.0055764,0.00413403
mnist,"[7, 7, 7]",15,103,3,0.5,1124,16,581,607,26,0.0231317,0.11738,0.111538
mnist,"[7, 7, 7]",15,103,3,1,1124,16,113,126,13,0.0115658,0.115342,0.115991
mnist,"[7, 7, 7]",15,104,1,0.1,65,16,65,65,0,0,2.44249e-15,2.44249e-15
mnist,"[7, 7, 7]",15,104,1,0.3,65,16,65,65,0,0,2.44249e-15,2.44249e-15
mnist,"[7, 7, 7]",15,104,1,0.5,65,16,65,65,0,0,2.44249e-15,2.44249e-15
mnist,"[7, 7, 7]",15,104,1,1,65,16,65,65,0,0,2.44249e-15,2.44249e-15
mnist,"[7, 7, 7]",15,104,2,0.1,296,16,296,296,0,0,2.44249e-15,2.44249e-15
mnist,"[7, 7, 7]",15,104,2,0.3,296,16,271,271,0,0,2.66454e-15,2.66454e-15
mnist,"[7, 7, 7]",15,104,2,0.5,296,16,178,186,8,0.027027,0.0890304,0.0909781
mnist,"[7, 7, 7]",15,104,2,1,296,16,44,53,9,0.0304054,0.206319,0.206319
mnist,"[7, 7, 7]",15,104,3,0.1,1217,16,1192,1192,0,0,3.9968e-15,3.77476e-15
mnist,"[7, 7, 7]",15,104,3,0.3,1217,16,894,901,7,0.00575185,0.0199205,0.0244649
mnist,"[7, 7, 7]",15,104,3,0.5,1217,16,499,514,15,0.0123254,0.0524413,0.0498445
mnist,"[7, 7, 7]",15,104,3,1,1217,16,138,148,10,0.00821693,0.0378084,0.0352116
mnist,"[7, 7, 7]",15,105,1,0.1,50,16,50,50,0,0,2.55351e-15,2.77556e-15
mnist,"[7, 7, 7]",15,105,1,0.3,50,16,50,50,0,0,2.55351e-15,2.77556e-15
mnist,"[7, 7, 7]",15,105,1,0.5,50,16,50,50,0,0,2.55351e-15,2.77556e-15
mnist,"[7, 7, 7]",15,105,1,1,50,16,50,50,0,0,2.55351e-15,2.77556e-15
mnist,"[7, 7, 7]",15,105,2,0.1,481,16,481,481,0,0,1.33227e-15,1.11022e-15
mnist,"[7, 7, 7]",15,105,2,0.3,481,16,471,471,0,0,2.88658e-15,2.66454e-15
mnist,"[7, 7, 7]",15,105,2,0.5,481,16,260,268,8,0.016632,0.0401808,0.0421284
mnist,"[7, 7, 7]",15,105,2,1,481,16,76,84,8,0.016632,0.0857747,0.0844762
mnist,"[7, 7, 7]",15,105,3,0.1,1342,16,1342,1342,0,0,5.32907e-15,5.32907e-15
mnist,"[7, 7, 7]",15,105,3,0.3,1342,16,918,938,20,0.0149031,0.0213387,0.0167834
mnist,"[7, 7, 7]",15,105,3,0.5,1342,16,444,471,27,0.0201192,0.0466606,0.0401685
mnist,"[7, 7, 7]",15,105,3,1,1342,16,77,86,9,0.00670641,0.162318,0.16102
mnist,"[7, 7, 7]",20,101,1,0.1,57,16,57,57,0,0,3.77476e-15,3.77476e-15
mnist,"[7, 7, 7]",20,101,1,0.3,57,16,57,57,0,0,3.77476e-15,3.77476e-15
mnist,"[7, 7, 7]",20,101,1,0.5,57,16,57,57,0,0,3.77476e-15,3.77476e-15
mnist,"[7, 7, 7]",20,101,1,1,57,16,57,57,0,0,3.77476e-15,3.77476e-15
mnist,"[7, 7, 7]",20,101,2,0.1,391,16,391,391,0,0,1.11022e-15,1.11022e-15
mnist,"[7, 7, 7]",20,101,2,0.3,391,16,370,370,0,0,2.66454e-15,2.66454e-15
mnist,"[7, 7, 7]",20,101,2,0.5,391,16,206,219,13,0.0332481,0.0909722,0.0912996
mnist,"[7, 7, 7]",20,101,2,1,391,16,57,62,5,0.0127877,0.214047,0.213398
mnist,"[7, 7, 7]",20,101,3,0.1,909,16,909,909,0,0,2.66454e-15,2.44249e-15
mnist,"[7, 7, 7]",20,101,3,0.3,909,16,773,779,6,0.00660066,0.00320491,0.00402567
mnist,"[7, 7, 7]",20,101,3,0.5,909,16,363,379,16,0.0176018,0.0826656,0.0820164
mnist,"[7, 7, 7]",20,101,3,1,909,16,57,68,11,0.0121012,0.13808,0.139379
mnist,"[7, 7, 7]",20,102,1,0.1,100,16,100,100,0,0,5.10703e-15,5.10703e-15
mnist,"[7, 7, 7]",20,102,1,0.3,100,16,100,100,0,0,5.10703e-15,5.10703e-15
mnist,"[7, 7, 7]",20,102,1,0.5,100,16,100,100,0,0,5.10703e-15,5.10703e-15
mnist,"[7, 7, 7]",20,102,1,1,100,16,100,100,0,0,5.10703e-15,5.10703e-15
mnist,"[7, 7, 7]",20,102,2,0.1,674,16,674,674,0,0,3.9968e-15,3.9968e-15
mnist,"[7, 7, 7]",20,102,2,0.3,674,16,667,667,0,0,3.9968e-15,3.9968e-15
mnist,"[7, 7, 7]",20,102,2,0.5,674,16,477,492,15,0.0222552,0.0804908,0.072051
mnist,"[7, 7, 7]",20,102,2,1,674,16,106,117,11,0.0163205,0.246927,0.245629
mnist,"[7, 7, 7]",20,102,3,0.1,1368,16,1362,1362,0,0,2.22045e-15,2.22045e-15
mnist,"[7, 7, 7]",20,102,3,0.3,1368,16,1234,1240,6,0.00438596,0.00310928,0.00379616
mnist,"[7, 7, 7]",20,102,3,0.5,1368,16,747,768,21,0.0153509,0.0905986,0.0854049
mnist,"[7, 7, 7]",20,102,3,1,1368,16,121,137,16,0.0116959,0.22827,0.229569
mnist,"[7, 7, 7]",20,103,1,0.1,63,16,63,63,0,0,2.44249e-15,2.66454e-15
mnist,"[7, 7, 7]",20,103,1,0.3,63,16,63,63,0,0,2.44249e-15,2.66454e-15
mnist,"[7, 7, 7]",20,103,1,0.5,63,16,63,63,0,0,2.44249e-15,2.66454e-15
mnist,"[7, 7, 7]",20,103,1,1,63,16,63,63,0,0,2.44249e-15,2.66454e-15
mnist,"[7, 7, 7]",20,103,2,0.1,326,16,326,326,0,0,3.77476e-15,3.77476e-15
mnist,"[7, 7, 7]",20,103,2,0.3,326,16,309,309,0,0,0.000736241,0.000736241
mnist,"[7, 7, 7]",20,103,2,0.5,326,16,172,184,12,0.0368098,0.0368241,0.0290335
mnist,"[7, 7, 7]",20,103,2,1,326,16,39,48,9,0.0276074,0.202191,0.200893
mnist,"[7, 7, 7]",20,103,3,0.1,1106,16,1104,1104,0,0,0,0
mnist,"[7, 7, 7]",20,103,3,0.3,1106,16,893,905,12,0.0108499,0.020745,0.0134183
mnist,"[7, 7, 7]",20,103,3,0.5,1106,16,437,460,23,0.0207957,0.0492747,0.040835
mnist,"[7, 7, 7]",20,103,3,1,1106,16,80,90,10,0.00904159,0.122268,0.115776
mnist,"[7, 7, 7]",20,104,1,0.1,98,16,98,98,0,0,1.22125e-15,1.33227e-15
mnist,"[7, 7, 7]",20,104,1,0.3,98,16,98,98,0,0,1.22125e-15,1.33227e-15
mnist,"[7, 7, 7]",20,104,1,0.5,98,16,98,98,0,0,1.22125e-15,1.33227e-15
mnist,"[7, 7, 7]",20,104,1,1,98,16,98,98,0,0,1.22125e-15,1.33227e-15
mnist,"[7, 7, 7]",20,104,2,0.1,551,16,551,551,0,0,3.55271e-15,3.77476e-15
mnist,"[7, 7, 7]",20,104,2,0.3,551,16,495,495,0,0,6.66134e-16,1.33227e-15
mnist,"[7, 7, 7]",20,104,2,0.5,551,16,339,350,11,0.0199637,0.0538202,0.0544694
mnist,"[7, 7, 7]",20,104,2,1,551,16,88,97,9,0.0163339,0.103582,0.107477
mnist,"[7, 7, 7]",20,104,3,0.1,1185,16,1183,1183,0,0,3.55271e-15,3.55271e-15
mnist,"[7, 7, 7]",20,104,3,0.3,1185,16,862,869,7,0.00590717,0.00766206,0.0067519
mnist,"[7, 7, 7]",20,104,3,0.5,1185,16,439,459,20,0.0168776,0.0513213,0.0493736
mnist,"[7, 7, 7]",20,104,3,1,1185,16,74,84,10,0.00843882,0.119993,0.12194
mnist,"[7, 7, 7]",20,105,1,0.1,46,16,46,46,0,0,3.9968e-15,3.9968e-15
mnist,"[7, 7, 7]",20,105,1,0.3,46,16,46,46,0,0,3.9968e-15,3.9968e-15
mnist,"[7, 7, 7]",20,105,1,0.5,46,16,46,46,0,0,3.9968e-15,3.9968e-15
mnist,"[7, 7, 7]",20,105,1,1,46,16,46,46,0,0,3.9968e-15,3.9968e-15
mnist,"[7, 7, 7]",20,105,2,0.1,367,16,367,367,0,0,3.9968e-15,3.9968e-15
mnist,"[7, 7, 7]",20,105,2,0.3,367,16,357,358,1,0.0027248,1.55431e-15,0.000649213
mnist,"[7, 7, 7]",20,105,2,0.5,367,16,230,237,7,0.0190736,0.0729742,0.0729742
mnist,"[7, 7, 7]",20,105,2,1,367,16,71,77,6,0.0163488,0.121779,0.121779
mnist,"[7, 7, 7]",20,105,3,0.1,583,16,581,581,0,0,1.9984e-15,2.66454e-15
mnist,"[7, 7, 7]",20,105,3,0.3,583,16,489,494,5,0.00857633,0.00983391,0.00851177
mnist,"[7, 7, 7]",20,105,3,0.5,583,16,253,269,16,0.0274443,0.126174,0.124875
mnist,"[7, 7, 7]",20,105,3,1,583,16,43,53,10,0.0171527,0.207054,0.206404
wbc,"[25, 25, 25, 25, 25]",-1,101,1,0.1,49,16,49,49,0,0,1.33227e-15,1.27676e-15
wbc,"[25, 25, 25, 25, 25]",-1,101,1,0.3,49,16,49,49,0,0,1.33227e-15,1.27676e-15
wbc,"[25, 25, 25, 25, 25]",-1,101,1,0.5,49,16,49,49,0,0,1.33227e-15,1.27676e-15
wbc,"[25, 25, 25, 25, 25]",-1,101,1,1,49,16,49,49,0,0,1.33227e-15,1.27676e-15
wbc,"[25, 25, 25, 25, 25]",-1,101,2,0.1,86,16,86,86,0,0,0,0
wbc,"[25, 25, 25, 25, 25]",-1,101,2,0.3,86,16,69,72,3,0.0348837,3.21965e-15,0.0189828
wbc,"[25, 25, 25, 25, 25]",-1,101,2,0.5,86,16,53,56,3,0.0348837,0.0316635,0.0284659
wbc,"[25, 25, 25, 25, 25]",-1,101,2,1,86,16,44,44,0,0,1.33227e-15,1.33227e-15
wbc,"[25, 25, 25, 25, 25]",-1,101,3,0.1,96,16,93,93,0,0,0,0
wbc,"[25, 25, 25, 25, 25]",-1,101,3,0.3,96,16,76,78,2,0.0208333,0.00662182,0.0129494
wbc,"[25, 25, 25, 25, 25]",-1,101,3,0.5,96,16,62,64,2,0.0208333,2.33147e-15,0.0126552
wbc,"[25, 25, 25, 25, 25]",-1,101,3,1,96,16,57,57,0,0,7.77156e-16,6.66134e-16
wbc,"[25, 25, 25, 25, 25]",-1,101,4,0.1,100,16,99,99,0,0,0,0
wbc,"[25, 25, 25, 25, 25]",-1,101,4,0.3,100,16,86,88,2,0.02,0,0.0126552
wbc,"[25, 25, 25, 25, 25]",-1,101,4,0.5,100,16,72,76,4,0.04,7.77156e-16,0.0253104
wbc,"[25, 25, 25, 25, 25]",-1,101,4,1,100,16,48,49,1,0.01,0,0.00632761
wbc,"[25, 25, 25, 25, 25]",-1,101,5,0.1,106,16,104,104,0,0,0,0
wbc,"[25, 25, 25, 25, 25]",-1,101,5,0.3,106,16,92,95,3,0.0283019,0,0.0189828
wbc,"[25, 25, 25, 25, 25]",-1,101,5,0.5,106,16,78,80,2,0.0188679,0.0241657,0.0304933
wbc,"[25, 25, 25, 25, 25]",-1,101,5,1,106,16,54,56,2,0.0188679,3.33067e-15,0.0126552
wbc,"[25, 25, 25, 25, 25]",-1,102,1,0.1,65,16,65,65,0,0,1.9984e-15,1.9984e-15
wbc,"[25, 25, 25, 25, 25]",-1,102,1,0.3,65,16,65,65,0,0,1.9984e-15,1.9984e-15
wbc,"[25, 25, 25, 25, 25]",-1,102,1,0.5,65,16,65,65,0,0,1.9984e-15,1.9984e-15
wbc,"[25, 25, 25, 25, 25]",-1,102,1,1,65,16,65,65,0,0,1.9984e-15,1.9984e-15
wbc,"[25, 25, 25, 25, 25]",-1,102,2,0.1,78,16,75,75,0,0,2.55351e-15,2.498e-15
wbc,"[25, 25, 25, 25, 25]",-1,102,2,0.3,78,16,51,57,6,0.0769231,0.0923625,0.0860349
wbc,"[25, 25, 25, 25, 25]",-1,102,2,0.5,78,16,34,37,3,0.0384615,0.17986,0.17986
wbc,"[25, 25, 25, 25, 25]",-1,102,2,1,78,16,28,28,0,0,1.88738e-15,1.88738e-15
wbc,"[25, 25, 25, 25, 25]",-1,102,3,0.1,96,16,96,96,0,0,2.66454e-15,2.72005e-15
wbc,"[25, 25, 25, 25, 25]",-1,102,3,0.3,96,16,69,72,3,0.03125,0.0592534,0.0535076
wbc,"[25, 25, 25, 25, 25]",-1,102,3,0.5,96,16,48,51,3,0.03125,0.0139792,0.0200802
wbc,"[25, 25, 25, 25, 25]",-1,102,3,1,96,16,33,34,1,0.0104167,1.33227e-15,0.00632761
wbc,"[25, 25, 25, 25, 25]",-1,102,4,0.1,99,16,99,99,0,0,0,0
wbc,"[25, 25, 25, 25, 25]",-1,102,4,0.3,99,16,66,73,7,0.0707071,0.0425856,0.0489132
wbc,"[25, 25, 25, 25, 25]",-1,102,4,0.5,99,16,43,46,3,0.030303,1.22125e-15,0.0189828
wbc,"[25, 25, 25, 25, 25]",-1,102,4,1,99,16,22,23,1,0.010101,2.55351e-15,0.00632761
wbc,"[25, 25, 25, 25, 25]",-1,102,5,0.1,106,16,106,106,0,0,0,0
wbc,"[25, 25, 25, 25, 25]",-1,102,5,0.3,106,16,86,90,4,0.0377358,3.77476e-15,0.0253104
wbc,"[25, 25, 25, 25, 25]",-1,102,5,0.5,106,16,68,70,2,0.0188679,0.0241657,0.0368209
wbc,"[25, 25, 25, 25, 25]",-1,102,5,1,106,16,35,37,2,0.0188679,2.55351e-15,0.0126552
wbc,"[25, 25, 25, 25, 25]",-1,103,1,0.1,57,16,57,57,0,0,2.55351e-15,2.498e-15
wbc,"[25, 25, 25, 25, 25]",-1,103,1,0.3,57,16,57,57,0,0,2.55351e-15,2.498e-15
wbc,"[25, 25, 25, 25, 25]",-1,103,1,0.5,57,16,57,57,0,0,2.55351e-15,2.498e-15
wbc,"[25, 25, 25, 25, 25]",-1,103,1,1,57,16,57,57,0,0,2.55351e-15,2.498e-15
wbc,"[25, 25, 25, 25, 25]",-1,103,2,0.1,88,16,88,88,0,0,2.55351e-15,2.498e-15
wbc,"[25, 25, 25, 25, 25]",-1,103,2,0.3,88,16,64,65,1,0.0113636,0.0782428,0.0782428
wbc,"[25, 25, 25, 25, 25]",-1,103,2,0.5,88,16,44,46,2,0.0227273,1.33227e-15,0.0126552
wbc,"[25, 25, 25, 25, 25]",-1,103,2,1,88,16,43,43,0,0,6.66134e-16,7.21645e-16
wbc,"[25, 25, 25, 25, 25]",-1,103,3,0.1,108,16,108,108,0,0,0,0
wbc,"[25, 25, 25, 25, 25]",-1,103,3,0.3,108,16,90,92,2,0.0185185,2.55351e-15,0.0126552
wbc,"[25, 25, 25, 25, 25]",-1,103,3,0.5,108,16,67,71,4,0.037037,2.55351e-15,0.0253104
wbc,"[25, 25, 25, 25, 25]",-1,103,3,1,108,16,49,49,0,0,1.22125e-15,1.22125e-15
wbc,"[25, 25, 25, 25, 25]",-1,103,4,0.1,108,16,108,108,0,0,0,0
wbc,"[25, 25, 25, 25, 25]",-1,103,4,0.3,108,16,84,87,3,0.0277778,0.010922,0.0299049
wbc,"[25, 25, 25, 25, 25]",-1,103,4,0.5,108,16,47,53,6,0.0555556,0.0318901,0.0567526
wbc,"[25, 25, 25, 25, 25]",-1,103,4,1,108,16,25,26,1,0.00925926,1.22125e-15,0.00632761
wbc,"[25, 25, 25, 25, 25]",-1,103,5,0.1,109,16,108,108,0,0,0,0
wbc,"[25, 25, 25, 25, 25]",-1,103,5,0.3,109,16,79,82,3,0.0275229,0.0141197,0.0322265
wbc,"[25, 25, 25, 25, 25]",-1,103,5,0.5,109,16,46,52,6,0.0550459,0.0391613,0.0541434
wbc,"[25, 25, 25, 25, 25]",-1,103,5,1,109,16,19,21,2,0.0183486,2.55351e-15,0.0126552
wbc,"[25, 25, 25, 25, 25]",-1,104,1,0.1,60,16,60,60,0,0,2.55351e-15,2.55351e-15
wbc,"[25, 25, 25, 25, 25]",-1,104,1,0.3,60,16,60,60,0,0,2.55351e-15,2.55351e-15
wbc,"[25, 25, 25, 25, 25]",-1,104,1,0.5,60,16,60,60,0,0,2.55351e-15,2.55351e-15
wbc,"[25, 25, 25, 25, 25]",-1,104,1,1,60,16,60,60,0,0,2.55351e-15,2.55351e-15
wbc,"[25, 25, 25, 25, 25]",-1,104,2,0.1,98,16,98,98,0,0,2.44249e-15,2.60902e-15
wbc,"[25, 25, 25, 25, 25]",-1,104,2,0.3,98,16,81,84,3,0.0306122,1.33227e-15,0.0189828
wbc,"[25, 25, 25, 25, 25]",-1,104,2,0.5,98,16,64,66,2,0.0204082,0.00662182,0.019277
wbc,"[25, 25, 25, 25, 25]",-1,104,2,1,98,16,54,54,0,0,1.33227e-15,1.33227e-15
wbc,"[25, 25, 25, 25, 25]",-1,104,3,0.1,102,16,101,101,0,0,2.55351e-15,2.55351e-15
wbc,"[25, 25, 25, 25, 25]",-1,104,3,0.3,102,16,78,82,4,0.0392157,0.0353143,0.028833
wbc,"[25, 25, 25, 25, 25]",-1,104,3,0.5,102,16,47,51,4,0.0392157,0.0527961,0.0659199
wbc,"[25, 25, 25, 25, 25]",-1,104,3,1,102,16,31,31,0,0,1.22125e-15,1.11022e-15
wbc,"[25, 25, 25, 25, 25]",-1,104,4,0.1,108,16,106,106,0,0,2.66454e-15,2.66454e-15
wbc,"[25, 25, 25, 25, 25]",-1,104,4,0.3,108,16,78,80,2,0.0185185,2.55351e-15,0.0126552
wbc,"[25, 25, 25, 25, 25]",-1,104,4,0.5,108,16,42,47,5,0.0462963,0.0296849,0.033838
wbc,"[25, 25, 25, 25, 25]",-1,104,4,1,108,16,27,27,0,0,6.66134e-16,6.66134e-16
wbc,"[25, 25, 25, 25, 25]",-1,104,5,0.1,113,16,111,111,0,0,0,0
wbc,"[25, 25, 25, 25, 25]",-1,104,5,0.3,113,16,87,90,3,0.0265487,0.00662182,0.0129494
wbc,"[25, 25, 25, 25, 25]",-1,104,5,0.5,113,16,50,54,4,0.0353982,0.0449072,0.0446129
wbc,"[25, 25, 25, 25, 25]",-1,104,5,1,113,16,29,30,1,0.00884956,2.55351e-15,0.00632761
wbc,"[25, 25, 25, 25, 25]",-1,105,1,0.1,58,16,58,58,0,0,2.55351e-15,2.60902e-15
wbc,"[25, 25, 25, 25, 25]",-1,105,1,0.3,58,16,58,58,0,0,2.55351e-15,2.60902e-15
wbc,"[25, 25, 25, 25, 25]",-1,105,1,0.5,58,16,58,58,0,0,2.55351e-15,2.60902e-15
wbc,"[25, 25, 25, 25, 25]",-1,105,1,1,58,16,58,58,0,0,2.55351e-15,2.60902e-15
wbc,"[25, 25, 25, 25, 25]",-1,105,2,0.1,104,16,104,104,0,0,3.9968e-15,3.83027e-15
wbc,"[25, 25, 25, 25, 25]",-1,105,2,0.3,104,16,93,93,0,0,0.0132436,0.0132436
wbc,"[25, 25, 25, 25, 25]",-1,105,2,0.5,104,16,79,80,1,0.00961538,5.10703e-15,0.00632761
wbc,"[25, 25, 25, 25, 25]",-1,105,2,1,104,16,74,74,0,0,2.55351e-15,2.60902e-15
wbc,"[25, 25, 25, 25, 25]",-1,105,3,0.1,113,16,113,113,0,0,0,0
wbc,"[25, 25, 25, 25, 25]",-1,105,3,0.3,113,16,103,104,1,0.00884956,0,0.00632761
wbc,"[25, 25, 25, 25, 25]",-1,105,3,0.5,113,16,74,80,6,0.0530973,0.0879459,0.0720069
wbc,"[25, 25, 25, 25, 25]",-1,105,3,1,113,16,45,45,0,0,2.55351e-15,2.60902e-15
wbc,"[25, 25, 25, 25, 25]",-1,105,4,0.1,114,16,113,113,0,0,0,0
wbc,"[25, 25, 25, 25, 25]",-1,105,4,0.3,114,16,104,104,0,0,0,0
wbc,"[25, 25, 25, 25, 25]",-1,105,4,0.5,114,16,75,78,3,0.0263158,1.44329e-15,0.0189828
wbc,"[25, 25, 25, 25, 25]",-1,105,4,1,114,16,52,53,1,0.00877193,2.55351e-15,0.00632761
wbc,"[25, 25, 25, 25, 25]",-1,105,5,0.1,114,16,113,113,0,0,0,0
wbc,"[25, 25, 25, 25, 25]",-1,105,5,0.3,114,16,100,102,2,0.0175439,0,0.0126552
wbc,"[25, 25, 25, 25, 25]",-1,105,5,0.5,114,16,56,62,6,0.0526316,0.0320306,0.0633744
wbc,"[25, 25, 25, 25, 25]",-1,105,5,1,114,16,27,29,2,0.0175439,0.0024197,0.0102355
wbc,"[25, 25, 25]",-1,101,1,0.1,60,16,60,60,0,0,1.9984e-15,1.9984e-15
wbc,"[25, 25, 25]",-1,101,1,0.3,60,16,60,60,0,0,1.9984e-15,1.9984e-15
wbc,"[25, 25, 25]",-1,101,1,0.5,60,16,60,60,0,0,1.9984e-15,1.9984e-15
wbc,"[25, 25, 25]",-1,101,1,1,60,16,60,60,0,0,1.9984e-15,1.9984e-15
wbc,"[25, 25, 25]",-1,101,2,0.1,103,16,103,103,0,0,1.22125e-15,1.16573e-15
wbc,"[25, 25, 25]",-1,101,2,0.3,103,16,86,91,5,0.0485437,0.0213351,0.0362325
wbc,"[25, 25, 25]",-1,101,2,0.5,103,16,61,65,4,0.038835,0.0391457,0.0372132
wbc,"[25, 25, 25]",-1,101,2,1,103,16,47,47,0,0,2.66454e-15,2.66454e-15
wbc,"[25, 25, 25]",-1,101,3,0.1,111,16,111,111,0,0,0,0
wbc,"[25, 25, 25]",-1,101,3,0.3,111,16,81,84,3,0.027027,0,0.0189828
wbc,"[25, 25, 25]",-1,101,3,0.5,111,16,59,62,3,0.027027,7.77156e-16,0.0189828
wbc,"[25, 25, 25]",-1,101,3,1,111,16,47,47,0,0,1.9984e-15,1.9984e-15
wbc,"[25, 25, 25]",-1,102,1,0.1,46,16,46,46,0,0,1.88738e-15,1.77636e-15
wbc,"[25, 25, 25]",-1,102,1,0.3,46,16,46,46,0,0,1.88738e-15,1.77636e-15
wbc,"[25, 25, 25]",-1,102,1,0.5,46,16,46,46,0,0,1.88738e-15,1.77636e-15
wbc,"[25, 25, 25]",-1,102,1,1,46,16,46,46,0,0,1.88738e-15,1.77636e-15
wbc,"[25, 25, 25]",-1,102,2,0.1,80,16,80,80,0,0,1.22125e-15,1.22125e-15
wbc,"[25, 25, 25]",-1,102,2,0.3,80,16,56,58,2,0.025,0.010922,0.0235773
wbc,"[25, 25, 25]",-1,102,2,0.5,80,16,42,45,3,0.0375,0.0455008,0.058156
wbc,"[25, 25, 25]",-1,102,2,1,80,16,37,37,0,0,1.9984e-15,1.9984e-15
wbc,"[25, 25, 25]",-1,102,3,0.1,94,16,94,94,0,0,0,0
wbc,"[25, 25, 25]",-1,102,3,0.3,94,16,64,70,6,0.0638298,0.0535076,0.0434427
wbc,"[25, 25, 25]",-1,102,3,0.5,94,16,42,47,5,0.0531915,0.0177464,0.0189828
wbc,"[25, 25, 25]",-1,102,3,1,94,16,36,36,0,0,6.66134e-16,6.66134e-16
wbc,"[25, 25, 25]",-1,103,1,0.1,54,16,54,54,0,0,1.9984e-15,1.9984e-15
wbc,"[25, 25, 25]",-1,103,1,0.3,54,16,54,54,0,0,1.9984e-15,1.9984e-15
wbc,"[25, 25, 25]",-1,103,1,0.5,54,16,54,54,0,0,1.9984e-15,1.9984e-15
wbc,"[25, 25, 25]",-1,103,1,1,54,16,54,54,0,0,1.9984e-15,1.9984e-15
wbc,"[25, 25, 25]",-1,103,2,0.1,103,16,103,103,0,0,0,0
wbc,"[25, 25, 25]",-1,103,2,0.3,103,16,79,84,5,0.0485437,0.00662182,0.0319323
wbc,"[25, 25, 25]",-1,103,2,0.5,103,16,67,69,2,0.0194175,2.44249e-15,0.0126552
wbc,"[25, 25, 25]",-1,103,2,1,103,16,66,66,0,0,1.55431e-15,1.38778e-15
wbc,"[25, 25, 25]",-1,103,3,0.1,109,16,106,106,0,0,0,0
wbc,"[25, 25, 25]",-1,103,3,0.3,109,16,77,80,3,0.0275229,0.0399575,0.0347935
wbc,"[25, 25, 25]",-1,103,3,0.5,109,16,52,57,5,0.0458716,0.0333357,0.0586461
wbc,"[25, 25, 25]",-1,103,3,1,109,16,35,35,0,0,6.66134e-16,6.66134e-16
wbc,"[25, 25, 25]",-1,104,1,0.1,49,16,49,49,0,0,1.88738e-15,1.88738e-15
wbc,"[25, 25, 25]",-1,104,1,0.3,49,16,49,49,0,0,1.88738e-15,1.88738e-15
wbc,"[25, 25, 25]",-1,104,1,0.5,49,16,49,49,0,0,1.88738e-15,1.88738e-15
wbc,"[25, 25, 25]",-1,104,1,1,49,16,49,49,0,0,1.88738e-15,1.88738e-15
wbc,"[25, 25, 25]",-1,104,2,0.1,88,16,88,88,0,0,1.44329e-15,1.33227e-15
wbc,"[25, 25, 25]",-1,104,2,0.3,88,16,70,74,4,0.0454545,0.0141197,0.0204473
wbc,"[25, 25, 25]",-1,104,2,0.5,88,16,52,54,2,0.0227273,3.88578e-15,0.0126552
wbc,"[25, 25, 25]",-1,104,2,1,88,16,48,48,0,0,1.22125e-15,1.22125e-15
wbc,"[25, 25, 25]",-1,104,3,0.1,101,16,99,99,0,0,0,0
wbc,"[25, 25, 25]",-1,104,3,0.3,101,16,66,70,4,0.039604,0.0345788,0.0342845
wbc,"[25, 25, 25]",-1,104,3,0.5,101,16,46,49,3,0.029703,0.00567177,0.0189828
wbc,"[25, 25, 25]",-1,104,3,1,101,16,36,36,0,0,6.66134e-16,6.66134e-16
wbc,"[25, 25, 25]",-1,105,1,0.1,53,16,53,53,0,0,2.55351e-15,2.55351e-15
wbc,"[25, 25, 25]",-1,105,1,0.3,53,16,53,53,0,0,2.55351e-15,2.55351e-15
wbc,"[25, 25, 25]",-1,105,1,0.5,53,16,53,53,0,0,2.55351e-15,2.55351e-15
wbc,"[25, 25, 25]",-1,105,1,1,53,16,53,53,0,0,2.55351e-15,2.55351e-15
wbc,"[25, 25, 25]",-1,105,2,0.1,80,16,80,80,0,0,2.55351e-15,2.60902e-15
wbc,"[25, 25, 25]",-1,105,2,0.3,80,16,64,68,4,0.05,0.060521,0.0415184
wbc,"[25, 25, 25]",-1,105,2,0.5,80,16,51,54,3,0.0375,0.0127882,0.0191158
wbc,"[25, 25, 25]",-1,105,2,1,80,16,49,49,0,0,0,0
wbc,"[25, 25, 25]",-1,105,3,0.1,98,16,98,98,0,0,0,0
wbc,"[25, 25, 25]",-1,105,3,0.3,98,16,86,88,2,0.0204082,3.77476e-15,0.0126552
wbc,"[25, 25, 25]",-1,105,3,0.5,98,16,62,66,4,0.0408163,0.0451337,0.0552408
wbc,"[25, 25, 25]",-1,105,3,1,98,16,51,51,0,0,1.9984e-15,1.9984e-15
wbc,"[5, 5, 5, 5, 5]",-1,101,1,0.1,6,16,6,6,0,0,3.88578e-16,2.77556e-16
wbc,"[5, 5, 5, 5, 5]",-1,101,1,0.3,6,16,6,6,0,0,3.88578e-16,2.77556e-16
wbc,"[5, 5, 5, 5, 5]",-1,101,1,0.5,6,16,6,6,0,0,3.88578e-16,2.77556e-16
wbc,"[5, 5, 5, 5, 5]",-1,101,1,1,6,16,6,6,0,0,3.88578e-16,2.77556e-16
wbc,"[5, 5, 5, 5, 5]",-1,101,2,0.1,12,16,11,11,0,0,1.33227e-15,1.33227e-15
wbc,"[5, 5, 5, 5, 5]",-1,101,2,0.3,12,16,10,10,0,0,9.99201e-16,9.99201e-16
wbc,"[5, 5, 5, 5, 5]",-1,101,2,0.5,12,16,8,8,0,0,6.66134e-16,6.66134e-16
wbc,"[5, 5, 5, 5, 5]",-1,101,2,1,12,16,6,6,0,0,5.55112e-16,5.55112e-16
wbc,"[5, 5, 5, 5, 5]",-1,101,3,0.1,19,16,17,17,0,0,1.33227e-15,1.33227e-15
wbc,"[5, 5, 5, 5, 5]",-1,101,3,0.3,19,16,15,15,0,0,5.55112e-16,5.55112e-16
wbc,"[5, 5, 5, 5, 5]",-1,101,3,0.5,19,16,13,13,0,0,1.22125e-15,1.22125e-15
wbc,"[5, 5, 5, 5, 5]",-1,101,3,1,19,16,9,9,0,0,1.22125e-15,1.22125e-15
wbc,"[5, 5, 5, 5, 5]",-1,101,4,0.1,23,16,18,18,0,0,1.22125e-15,1.22125e-15
wbc,"[5, 5, 5, 5, 5]",-1,101,4,0.3,23,16,16,16,0,0,1.22125e-15,1.22125e-15
wbc,"[5, 5, 5, 5, 5]",-1,101,4,0.5,23,16,14,14,0,0,1.22125e-15,1.22125e-15
wbc,"[5, 5, 5, 5, 5]",-1,101,4,1,23,16,9,10,1,0.0434783,6.66134e-16,0.00632761
wbc,"[5, 5, 5, 5, 5]",-1,101,5,0.1,25,16,18,18,0,0,1.9984e-15,1.9984e-15
wbc,"[5, 5, 5, 5, 5]",-1,101,5,0.3,25,16,15,15,0,0,1.22125e-15,1.22125e-15
wbc,"[5, 5, 5, 5, 5]",-1,101,5,0.5,25,16,11,11,0,0,1.33227e-15,1.33227e-15
wbc,"[5, 5, 5, 5, 5]",-1,101,5,1,25,16,7,8,1,0.04,9.99201e-16,0.00632761
wbc,"[5, 5, 5, 5, 5]",-1,102,1,0.1,9,16,9,9,0,0,9.99201e-16,9.99201e-16
wbc,"[5, 5, 5, 5, 5]",-1,102,1,0.3,9,16,9,9,0,0,9.99201e-16,9.99201e-16
wbc,"[5, 5, 5, 5, 5]",-1,102,1,0.5,9,16,9,9,0,0,9.99201e-16,9.99201e-16
wbc,"[5, 5, 5, 5, 5]",-1,102,1,1,9,16,9,9,0,0,9.99201e-16,9.99201e-16
wbc,"[5, 5, 5, 5, 5]",-1,102,2,0.1,13,16,12,12,0,0,6.66134e-16,6.66134e-16
wbc,"[5, 5, 5, 5, 5]",-1,102,2,0.3,13,16,9,9,0,0,6.66134e-16,6.10623e-16
wbc,"[5, 5, 5, 5, 5]",-1,102,2,0.5,13,16,6,8,2,0.153846,0.0114103,0.0168678
wbc,"[5, 5, 5, 5, 5]",-1,102,2,1,13,16,5,5,0,0,6.66134e-16,7.21645e-16
wbc,"[5, 5, 5, 5, 5]",-1,102,3,0.1,15,16,9,10,1,0.0666667,9.99201e-16,0.00632761
wbc,"[5, 5, 5, 5, 5]",-1,102,3,0.3,15,16,8,8,0,0,3.33067e-16,3.33067e-16
wbc,"[5, 5, 5, 5, 5]",-1,102,3,0.5,15,16,8,8,0,0,3.33067e-16,3.33067e-16
wbc,"[5, 5, 5, 5, 5]",-1,102,3,1,15,16,6,6,0,0,3.33067e-16,2.77556e-16
wbc,"[5, 5, 5, 5, 5]",-1,102,4,0.1,16,16,9,10,1,0.0625,5.55112e-16,0.00632761
wbc,"[5, 5, 5, 5, 5]",-1,102,4,0.3,16,16,8,8,0,0,3.33067e-16,3.33067e-16
wbc,"[5, 5, 5, 5, 5]",-1,102,4,0.5,16,16,8,8,0,0,3.33067e-16,3.33067e-16
wbc,"[5, 5, 5, 5, 5]",-1,102,4,1,16,16,6,6,0,0,2.22045e-16,2.22045e-16
wbc,"[5, 5, 5, 5, 5]",-1,102,5,0.1,17,16,10,11,1,0.0588235,8.88178e-16,0.00632761
wbc,"[5, 5, 5, 5, 5]",-1,102,5,0.3,17,16,9,9,0,0,6.66134e-16,6.66134e-16
wbc,"[5, 5, 5, 5, 5]",-1,102,5,0.5,17,16,9,9,0,0,6.66134e-16,6.66134e-16
wbc,"[5, 5, 5, 5, 5]",-1,102,5,1,17,16,7,7,0,0,3.33067e-16,3.33067e-16
wbc,"[5, 5, 5, 5, 5]",-1,103,1,0.1,11,16,11,11,0,0,6.10623e-16,6.66134e-16
wbc,"[5, 5, 5, 5, 5]",-1,103,1,0.3,11,16,11,11,0,0,6.10623e-16,6.66134e-16
wbc,"[5, 5, 5, 5, 5]",-1,103,1,0.5,11,16,11,11,0,0,6.10623e-16,6.66134e-16
wbc,"[5, 5, 5, 5, 5]",-1,103,1,1,11,16,11,11,0,0,6.10623e-16,6.66134e-16
wbc,"[5, 5, 5, 5, 5]",-1,103,2,0.1,29,16,24,24,0,0,6.66134e-16,6.66134e-16
wbc,"[5, 5, 5, 5, 5]",-1,103,2,0.3,29,16,23,23,0,0,2.55351e-15,2.55351e-15
wbc,"[5, 5, 5, 5, 5]",-1,103,2,0.5,29,16,20,20,0,0,1.22125e-15,1.22125e-15
wbc,"[5, 5, 5, 5, 5]",-1,103,2,1,29,16,12,13,1,0.0344828,8.88178e-16,0.00632761
wbc,"[5, 5, 5, 5, 5]",-1,103,3,0.1,36,16,23,23,0,0,5.55112e-16,5.55112e-16
wbc,"[5, 5, 5, 5, 5]",-1,103,3,0.3,36,16,16,17,1,0.0277778,0.0173399,0.0110123
wbc,"[5, 5, 5, 5, 5]",-1,103,3,0.5,36,16,13,15,2,0.0555556,0.0182419,0.0308971
wbc,"[5, 5, 5, 5, 5]",-1,103,3,1,36,16,8,9,1,0.0277778,0.0436491,0.0373215
wbc,"[5, 5, 5, 5, 5]",-1,103,4,0.1,37,16,16,18,2,0.0540541,0.0187176,0.0123899
wbc,"[5, 5, 5, 5, 5]",-1,103,4,0.3,37,16,10,11,1,0.027027,1.66533e-15,0.00632761
wbc,"[5, 5, 5, 5, 5]",-1,103,4,0.5,37,16,8,9,1,0.027027,0.039453,0.0331254
wbc,"[5, 5, 5, 5, 5]",-1,103,4,1,37,16,6,7,1,0.027027,0.0473681,0.0410405
wbc,"[5, 5, 5, 5, 5]",-1,103,5,0.1,39,16,20,21,1,0.025641,0.0187176,0.0123899
wbc,"[5, 5, 5, 5, 5]",-1,103,5,0.3,39,16,12,13,1,0.025641,1.22125e-15,0.00632761
wbc,"[5, 5, 5, 5, 5]",-1,103,5,0.5,39,16,10,11,1,0.025641,0.0375739,0.0312462
wbc,"[5, 5, 5, 5, 5]",-1,103,5,1,39,16,7,8,1,0.025641,0.0557949,0.0494673
wbc,"[5, 5, 5, 5, 5]",-1,104,1,0.1,9,16,9,9,0,0,8.88178e-16,9.4369e-16
wbc,"[5, 5, 5, 5, 5]",-1,104,1,0.3,9,16,9,9,0,0,8.88178e-16,9.4369e-16
wbc,"[5, 5, 5, 5, 5]",-1,104,1,0.5,9,16,9,9,0,0,8.88178e-16,9.4369e-16
wbc,"[5, 5, 5, 5, 5]",-1,104,1,1,9,16,9,9,0,0,8.88178e-16,9.4369e-16
wbc,"[5, 5, 5, 5, 5]",-1,104,2,0.1,13,16,11,11,0,0,9.99201e-16,9.99201e-16
wbc,"[5, 5, 5, 5, 5]",-1,104,2,0.3,13,16,9,9,0,0,3.33067e-16,3.05311e-16
wbc,"[5, 5, 5, 5, 5]",-1,104,2,0.5,13,16,9,9,0,0,3.33067e-16,3.05311e-16
wbc,"[5, 5, 5, 5, 5]",-1,104,2,1,13,16,7,7,0,0,2.22045e-16,2.77556e-16
wbc,"[5, 5, 5, 5, 5]",-1,104,3,0.1,17,16,15,15,0,0,1.22125e-15,1.30451e-15
wbc,"[5, 5, 5, 5, 5]",-1,104,3,0.3,17,16,13,13,0,0,2.77556e-16,3.05311e-16
wbc,"[5, 5, 5, 5, 5]",-1,104,3,0.5,17,16,13,13,0,0,2.77556e-16,3.05311e-16
wbc,"[5, 5, 5, 5, 5]",-1,104,3,1,17,16,10,10,0,0,3.33067e-16,4.16334e-16
wbc,"[5, 5, 5, 5, 5]",-1,104,4,0.1,17,16,14,14,0,0,0,0
wbc,"[5, 5, 5, 5, 5]",-1,104,4,0.3,17,16,13,13,0,0,2.77556e-16,3.05311e-16
wbc,"[5, 5, 5, 5, 5]",-1,104,4,0.5,17,16,13,13,0,0,2.77556e-16,3.05311e-16
wbc,"[5, 5, 5, 5, 5]",-1,104,4,1,17,16,9,9,0,0,3.88578e-16,2.77556e-16
wbc,"[5, 5, 5, 5, 5]",-1,104,5,0.1,17,16,1,1,0,0,0,0
wbc,"[5, 5, 5, 5, 5]",-1,104,5,0.3,17,16,1,1,0,0,0,0
wbc,"[5, 5, 5, 5, 5]",-1,104,5,0.5,17,16,1,1,0,0,0,0
wbc,"[5, 5, 5, 5, 5]",-1,104,5,1,17,16,1,1,0,0,0,0
wbc,"[5, 5, 5, 5, 5]",-1,105,1,0.1,8,16,8,8,0,0,9.99201e-16,9.99201e-16
wbc,"[5, 5, 5, 5, 5]",-1,105,1,0.3,8,16,8,8,0,0,9.99201e-16,9.99201e-16
wbc,"[5, 5, 5, 5, 5]",-1,105,1,0.5,8,16,8,8,0,0,9.99201e-16,9.99201e-16
wbc,"[5, 5, 5, 5, 5]",-1,105,1,1,8,16,8,8,0,0,9.99201e-16,9.99201e-16
wbc,"[5, 5, 5, 5, 5]",-1,105,2,0.1,12,16,10,10,0,0,4.44089e-16,6.66134e-16
wbc,"[5, 5, 5, 5, 5]",-1,105,2,0.3,12,16,10,10,0,0,4.44089e-16,6.66134e-16
wbc,"[5, 5, 5, 5, 5]",-1,105,2,0.5,12,16,8,8,0,0,7.77156e-16,9.99201e-16
wbc,"[5, 5, 5, 5, 5]",-1,105,2,1,12,16,6,6,0,0,2.22045e-16,3.33067e-16
wbc,"[5, 5, 5, 5, 5]",-1,105,3,0.1,16,16,14,14,0,0,2.22045e-16,3.33067e-16
wbc,"[5, 5, 5, 5, 5]",-1,105,3,0.3,16,16,10,10,0,0,6.66134e-16,6.66134e-16
wbc,"[5, 5, 5, 5, 5]",-1,105,3,0.5,16,16,8,8,0,0,9.99201e-16,9.99201e-16
wbc,"[5, 5, 5, 5, 5]",-1,105,3,1,16,16,6,6,0,0,3.33067e-16,3.33067e-16
wbc,"[5, 5, 5, 5, 5]",-1,105,4,0.1,16,16,13,13,0,0,2.22045e-16,3.33067e-16
wbc,"[5, 5, 5, 5, 5]",-1,105,4,0.3,16,16,7,7,0,0,0,0
wbc,"[5, 5, 5, 5, 5]",-1,105,4,0.5,16,16,5,5,0,0,0,0
wbc,"[5, 5, 5, 5, 5]",-1,105,4,1,16,16,3,4,1,0.0625,0.0412179,0.0389366
wbc,"[5, 5, 5, 5, 5]",-1,105,5,0.1,17,16,11,11,0,0,2.22045e-16,3.33067e-16
wbc,"[5, 5, 5, 5, 5]",-1,105,5,0.3,17,16,8,8,0,0,0,0
wbc,"[5, 5, 5, 5, 5]",-1,105,5,0.5,17,16,7,7,0,0,3.33067e-16,3.33067e-16
wbc,"[5, 5, 5, 5, 5]",-1,105,5,1,17,16,5,5,0,0,0,0
wbc,"[5, 5, 5]",-1,101,1,0.1,7,16,7,7,0,0,6.10623e-16,6.10623e-16
wbc,"[5, 5, 5]",-1,101,1,0.3,7,16,7,7,0,0,6.10623e-16,6.10623e-16
wbc,"[5, 5, 5]",-1,101,1,0.5,7,16,7,7,0,0,6.10623e-16,6.10623e-16
wbc,"[5, 5, 5]",-1,101,1,1,7,16,7,7,0,0,6.10623e-16,6.10623e-16
wbc,"[5, 5, 5]",-1,101,2,0.1,15,16,15,15,0,0,1.88738e-15,1.88738e-15
wbc,"[5, 5, 5]",-1,101,2,0.3,15,16,13,13,0,0,6.66134e-16,6.66134e-16
wbc,"[5, 5, 5]",-1,101,2,0.5,15,16,10,10,0,0,1.33227e-15,1.33227e-15
wbc,"[5, 5, 5]",-1,101,2,1,15,16,8,8,0,0,3.33067e-16,3.33067e-16
wbc,"[5, 5, 5]",-1,101,3,0.1,20,16,17,17,0,0,1.88738e-15,1.88738e-15
wbc,"[5, 5, 5]",-1,101,3,0.3,20,16,14,14,0,0,1.33227e-15,1.33227e-15
wbc,"[5, 5, 5]",-1,101,3,0.5,20,16,11,12,1,0.05,0.00392624,0.00240137
wbc,"[5, 5, 5]",-1,101,3,1,20,16,9,9,0,0,6.66134e-16,6.66134e-16
wbc,"[5, 5, 5]",-1,102,1,0.1,10,16,10,10,0,0,6.66134e-16,6.66134e-16
wbc,"[5, 5, 5]",-1,102,1,0.3,10,16,10,10,0,0,6.66134e-16,6.66134e-16
wbc,"[5, 5, 5]",-1,102,1,0.5,10,16,10,10,0,0,6.66134e-16,6.66134e-16
wbc,"[5, 5, 5]",-1,102,1,1,10,16,10,10,0,0,6.66134e-16,6.66134e-16
wbc,"[5, 5, 5]",-1,102,2,0.1,12,16,12,12,0,0,9.99201e-16,9.99201e-16
wbc,"[5, 5, 5]",-1,102,2,0.3,12,16,11,11,0,0,9.99201e-16,9.99201e-16
wbc,"[5, 5, 5]",-1,102,2,0.5,12,16,7,7,0,0,0.0456619,0.0456619
wbc,"[5, 5, 5]",-1,102,2,1,12,16,3,3,0,0,3.33067e-16,3.88578e-16
wbc,"[5, 5, 5]",-1,102,3,0.1,19,16,16,16,0,0,1.88738e-15,1.88738e-15
wbc,"[5, 5, 5]",-1,102,3,0.3,19,16,13,13,0,0,5.55112e-16,5.55112e-16
wbc,"[5, 5, 5]",-1,102,3,0.5,19,16,9,9,0,0,3.33067e-16,3.33067e-16
wbc,"[5, 5, 5]",-1,102,3,1,19,16,6,7,1,0.0526316,1.22125e-15,0.00632761
wbc,"[5, 5, 5]",-1,103,1,0.1,7,16,7,7,0,0,6.10623e-16,6.10623e-16
wbc,"[5, 5, 5]",-1,103,1,0.3,7,16,7,7,0,0,6.10623e-16,6.10623e-16
wbc,"[5, 5, 5]",-1,103,1,0.5,7,16,7,7,0,0,6.10623e-16,6.10623e-16
wbc,"[5, 5, 5]",-1,103,1,1,7,16,7,7,0,0,6.10623e-16,6.10623e-16
wbc,"[5, 5, 5]",-1,103,2,0.1,22,16,22,22,0,0,6.10623e-16,6.66134e-16
wbc,"[5, 5, 5]",-1,103,2,0.3,22,16,19,19,0,0,1.22125e-15,1.22125e-15
wbc,"[5, 5, 5]",-1,103,2,0.5,22,16,14,15,1,0.0454545,0.0399475,0.0462751
wbc,"[5, 5, 5]",-1,103,2,1,22,16,10,10,0,0,6.10623e-16,6.10623e-16
wbc,"[5, 5, 5]",-1,103,3,0.1,26,16,26,26,0,0,1.33227e-15,1.33227e-15
wbc,"[5, 5, 5]",-1,103,3,0.3,26,16,21,21,0,0,1.33227e-15,1.33227e-15
wbc,"[5, 5, 5]",-1,103,3,0.5,26,16,13,14,1,0.0384615,1.33227e-15,0.00632761
wbc,"[5, 5, 5]",-1,103,3,1,26,16,4,5,1,0.0384615,6.66134e-16,0.00632761
wbc,"[5, 5, 5]",-1,104,1,0.1,10,16,10,10,0,0,6.93889e-16,7.21645e-16
wbc,"[5, 5, 5]",-1,104,1,0.3,10,16,10,10,0,0,6.93889e-16,7.21645e-16
wbc,"[5, 5, 5]",-1,104,1,0.5,10,16,10,10,0,0,6.93889e-16,7.21645e-16
wbc,"[5, 5, 5]",-1,104,1,1,10,16,10,10,0,0,6.93889e-16,7.21645e-16
wbc,"[5, 5, 5]",-1,104,2,0.1,15,16,11,11,0,0,9.99201e-16,9.99201e-16
wbc,"[5, 5, 5]",-1,104,2,0.3,15,16,9,9,0,0,9.99201e-16,9.99201e-16
wbc,"[5, 5, 5]",-1,104,2,0.5,15,16,9,9,0,0,9.99201e-16,9.99201e-16
wbc,"[5, 5, 5]",-1,104,2,1,15,16,7,7,0,0,0,0
wbc,"[5, 5, 5]",-1,104,3,0.1,21,16,15,15,0,0,8.88178e-16,8.88178e-16
wbc,"[5, 5, 5]",-1,104,3,0.3,21,16,11,11,0,0,1.22125e-15,1.22125e-15
wbc,"[5, 5, 5]",-1,104,3,0.5,21,16,11,11,0,0,1.22125e-15,1.22125e-15
wbc,"[5, 5, 5]",-1,104,3,1,21,16,9,9,0,0,9.99201e-16,9.99201e-16
wbc,"[5, 5, 5]",-1,105,1,0.1,11,16,11,11,0,0,1.33227e-15,1.33227e-15
wbc,"[5, 5, 5]",-1,105,1,0.3,11,16,11,11,0,0,1.33227e-15,1.33227e-15
wbc,"[5, 5, 5]",-1,105,1,0.5,11,16,11,11,0,0,1.33227e-15,1.33227e-15
wbc,"[5, 5, 5]",-1,105,1,1,11,16,11,11,0,0,1.33227e-15,1.33227e-15
wbc,"[5, 5, 5]",-1,105,2,0.1,16,16,16,16,0,0,1.88738e-15,1.88738e-15
wbc,"[5, 5, 5]",-1,105,2,0.3,16,16,16,16,0,0,1.88738e-15,1.88738e-15
wbc,"[5, 5, 5]",-1,105,2,0.5,16,16,9,12,3,0.1875,0.0607749,0.0530405
wbc,"[5, 5, 5]",-1,105,2,1,16,16,7,7,0,0,8.88178e-16,8.88178e-16
wbc,"[5, 5, 5]",-1,105,3,0.1,19,16,17,17,0,0,1.22125e-15,1.22125e-15
wbc,"[5, 5, 5]",-1,105,3,0.3,19,16,13,13,0,0,6.66134e-16,6.66134e-16
wbc,"[5, 5, 5]",-1,105,3,0.5,19,16,11,11,0,0,0.0102929,0.0102929
wbc,"[5, 5, 5]",-1,105,3,1,19,16,8,8,0,0,2.77556e-16,3.33067e-16
wbc,"[9, 9, 9, 9, 9]",-1,101,1,0.1,19,16,19,19,0,0,1.88738e-15,1.88738e-15
wbc,"[9, 9, 9, 9, 9]",-1,101,1,0.3,19,16,19,19,0,0,1.88738e-15,1.88738e-15
wbc,"[9, 9, 9, 9, 9]",-1,101,1,0.5,19,16,19,19,0,0,1.88738e-15,1.88738e-15
wbc,"[9, 9, 9, 9, 9]",-1,101,1,1,19,16,19,19,0,0,1.88738e-15,1.88738e-15
wbc,"[9, 9, 9, 9, 9]",-1,101,2,0.1,42,16,37,37,0,0,1.22125e-15,1.33227e-15
wbc,"[9, 9, 9, 9, 9]",-1,101,2,0.3,42,16,27,28,1,0.0238095,1.33227e-15,0.00632761
wbc,"[9, 9, 9, 9, 9]",-1,101,2,0.5,42,16,19,19,0,0,1.22125e-15,1.22125e-15
wbc,"[9, 9, 9, 9, 9]",-1,101,2,1,42,16,13,13,0,0,6.66134e-16,6.66134e-16
wbc,"[9, 9, 9, 9, 9]",-1,101,3,0.1,49,16,40,40,0,0,1.22125e-15,1.22125e-15
wbc,"[9, 9, 9, 9, 9]",-1,101,3,0.3,49,16,22,25,3,0.0612245,0.00319761,0.0189828
wbc,"[9, 9, 9, 9, 9]",-1,101,3,0.5,49,16,12,16,4,0.0816327,0.00792129,0.0211684
wbc,"[9, 9, 9, 9, 9]",-1,101,3,1,49,16,6,7,1,0.0204082,0.0117722,0.0180998
wbc,"[9, 9, 9, 9, 9]",-1,101,4,0.1,60,16,46,46,0,0,1.44329e-15,1.33227e-15
wbc,"[9, 9, 9, 9, 9]",-1,101,4,0.3,60,16,23,25,2,0.0333333,0.00535468,0.0180099
wbc,"[9, 9, 9, 9, 9]",-1,101,4,0.5,60,16,14,16,2,0.0333333,0.00398877,0.0126552
wbc,"[9, 9, 9, 9, 9]",-1,101,4,1,60,16,10,10,0,0,0.0109291,0.0109291
wbc,"[9, 9, 9, 9, 9]",-1,101,5,0.1,63,16,40,41,1,0.015873,1.44329e-15,0.00632761
wbc,"[9, 9, 9, 9, 9]",-1,101,5,0.3,63,16,15,18,3,0.047619,0.00619899,0.0243375
wbc,"[9, 9, 9, 9, 9]",-1,101,5,0.5,63,16,8,11,3,0.047619,0.00223975,0.0182794
wbc,"[9, 9, 9, 9, 9]",-1,101,5,1,63,16,5,6,1,0.015873,0.08424,0.0779124
wbc,"[9, 9, 9, 9, 9]",-1,102,1,0.1,19,16,19,19,0,0,1.88738e-15,1.88738e-15
wbc,"[9, 9, 9, 9, 9]",-1,102,1,0.3,19,16,19,19,0,0,1.88738e-15,1.88738e-15
wbc,"[9, 9, 9, 9, 9]",-1,102,1,0.5,19,16,19,19,0,0,1.88738e-15,1.88738e-15
wbc,"[9, 9, 9, 9, 9]",-1,102,1,1,19,16,19,19,0,0,1.88738e-15,1.88738e-15
wbc,"[9, 9, 9, 9, 9]",-1,102,2,0.1,35,16,35,35,0,0,1.22125e-15,1.22125e-15
wbc,"[9, 9, 9, 9, 9]",-1,102,2,0.3,35,16,30,30,0,0,1.9984e-15,1.9984e-15
wbc,"[9, 9, 9, 9, 9]",-1,102,2,0.5,35,16,27,27,0,0,1.88738e-15,1.88738e-15
wbc,"[9, 9, 9, 9, 9]",-1,102,2,1,35,16,16,17,1,0.0285714,0.00299509,0.00491857
wbc,"[9, 9, 9, 9, 9]",-1,102,3,0.1,49,16,45,45,0,0,1.88738e-15,1.88738e-15
wbc,"[9, 9, 9, 9, 9]",-1,102,3,0.3,49,16,33,34,1,0.0204082,1.33227e-15,0.00632761
wbc,"[9, 9, 9, 9, 9]",-1,102,3,0.5,49,16,26,29,3,0.0612245,0.022145,0.0333105
wbc,"[9, 9, 9, 9, 9]",-1,102,3,1,49,16,15,16,1,0.0204082,1.88738e-15,0.00632761
wbc,"[9, 9, 9, 9, 9]",-1,102,4,0.1,54,16,47,48,1,0.0185185,0.00203027,0.00632761
wbc,"[9, 9, 9, 9, 9]",-1,102,4,0.3,54,16,35,36,1,0.0185185,0.0526068,0.0462792
wbc,"[9, 9, 9, 9, 9]",-1,102,4,0.5,54,16,28,31,3,0.0555556,0.0324679,0.0387955
wbc,"[9, 9, 9, 9, 9]",-1,102,4,1,54,16,22,22,0,0,5.55112e-16,5.55112e-16
wbc,"[9, 9, 9, 9, 9]",-1,102,5,0.1,56,16,42,44,2,0.0357143,0.0206691,0.0264011
wbc,"[9, 9, 9, 9, 9]",-1,102,5,0.3,56,16,31,32,1,0.0178571,1.22125e-15,0.00632761
wbc,"[9, 9, 9, 9, 9]",-1,102,5,0.5,56,16,26,28,2,0.0357143,0.000380644,0.0122746
wbc,"[9, 9, 9, 9, 9]",-1,102,5,1,56,16,16,17,1,0.0178571,0.00509639,0.00900429
wbc,"[9, 9, 9, 9, 9]",-1,103,1,0.1,23,16,23,23,0,0,1.22125e-15,1.22125e-15
wbc,"[9, 9, 9, 9, 9]",-1,103,1,0.3,23,16,23,23,0,0,1.22125e-15,1.22125e-15
wbc,"[9, 9, 9, 9, 9]",-1,103,1,0.5,23,16,23,23,0,0,1.22125e-15,1.22125e-15
wbc,"[9, 9, 9, 9, 9]",-1,103,1,1,23,16,23,23,0,0,1.22125e-15,1.22125e-15
wbc,"[9, 9, 9, 9, 9]",-1,103,2,0.1,53,16,53,53,0,0,5.55112e-16,5.55112e-16
wbc,"[9, 9, 9, 9, 9]",-1,103,2,0.3,53,16,36,41,5,0.0943396,0.0833147,0.0699253
wbc,"[9, 9, 9, 9, 9]",-1,103,2,0.5,53,16,21,24,3,0.0566038,0.0601781,0.059847
wbc,"[9, 9, 9, 9, 9]",-1,103,2,1,53,16,13,13,0,0,1.27676e-15,1.33227e-15
wbc,"[9, 9, 9, 9, 9]",-1,103,3,0.1,67,16,61,61,0,0,1.9984e-15,1.9984e-15
wbc,"[9, 9, 9, 9, 9]",-1,103,3,0.3,67,16,34,35,1,0.0149254,0.0285703,0.0348979
wbc,"[9, 9, 9, 9, 9]",-1,103,3,0.5,67,16,14,17,3,0.0447761,0.0302571,0.0302571
wbc,"[9, 9, 9, 9, 9]",-1,103,3,1,67,16,6,7,1,0.0149254,3.33067e-16,0.00632761
wbc,"[9, 9, 9, 9, 9]",-1,103,4,0.1,81,16,68,68,0,0,1.44329e-15,1.33227e-15
wbc,"[9, 9, 9, 9, 9]",-1,103,4,0.3,81,16,30,37,7,0.0864198,0.0166678,0.0442933
wbc,"[9, 9, 9, 9, 9]",-1,103,4,0.5,81,16,12,15,3,0.037037,0.0248637,0.0362513
wbc,"[9, 9, 9, 9, 9]",-1,103,4,1,81,16,6,9,3,0.037037,0.0246382,0.0218493
wbc,"[9, 9, 9, 9, 9]",-1,103,5,0.1,86,16,69,71,2,0.0232558,0.0526316,0.0526316
wbc,"[9, 9, 9, 9, 9]",-1,103,5,0.3,86,16,31,36,5,0.0581395,1.88738e-15,0.031638
wbc,"[9, 9, 9, 9, 9]",-1,103,5,0.5,86,16,16,19,3,0.0348837,2.55351e-15,0.0189828
wbc,"[9, 9, 9, 9, 9]",-1,103,5,1,86,16,9,11,2,0.0232558,1.33227e-15,0.0126552
wbc,"[9, 9, 9, 9, 9]",-1,104,1,0.1,22,16,22,22,0,0,1.33227e-15,1.38778e-15
wbc,"[9, 9, 9, 9, 9]",-1,104,1,0.3,22,16,22,22,0,0,1.33227e-15,1.38778e-15
wbc,"[9, 9, 9, 9, 9]",-1,104,1,0.5,22,16,22,22,0,0,1.33227e-15,1.38778e-15
wbc,"[9, 9, 9, 9, 9]",-1,104,1,1,22,16,22,22,0,0,1.33227e-15,1.38778e-15
wbc,"[9, 9, 9, 9, 9]",-1,104,2,0.1,40,16,40,40,0,0,1.33227e-15,1.33227e-15
wbc,"[9, 9, 9, 9, 9]",-1,104,2,0.3,40,16,36,36,0,0,1.33227e-15,1.33227e-15
wbc,"[9, 9, 9, 9, 9]",-1,104,2,0.5,40,16,18,21,3,0.075,0.0709649,0.0799648
wbc,"[9, 9, 9, 9, 9]",-1,104,2,1,40,16,8,8,0,0,6.66134e-16,6.66134e-16
wbc,"[9, 9, 9, 9, 9]",-1,104,3,0.1,52,16,49,50,1,0.0192308,2.55351e-15,0.00632761
wbc,"[9, 9, 9, 9, 9]",-1,104,3,0.3,52,16,30,33,3,0.0576923,2.55351e-15,0.0189828
wbc,"[9, 9, 9, 9, 9]",-1,104,3,0.5,52,16,14,17,3,0.0576923,0.0200921,0.0283308
wbc,"[9, 9, 9, 9, 9]",-1,104,3,1,52,16,7,8,1,0.0192308,5.55112e-16,0.00632761
wbc,"[9, 9, 9, 9, 9]",-1,104,4,0.1,62,16,61,61,0,0,2.9976e-15,3.10862e-15
wbc,"[9, 9, 9, 9, 9]",-1,104,4,0.3,62,16,30,35,5,0.0806452,0.0241657,0.0310562
wbc,"[9, 9, 9, 9, 9]",-1,104,4,0.5,62,16,16,18,2,0.0322581,0.0316635,0.0284659
wbc,"[9, 9, 9, 9, 9]",-1,104,4,1,62,16,8,8,0,0,8.88178e-16,8.88178e-16
wbc,"[9, 9, 9, 9, 9]",-1,104,5,0.1,62,16,59,59,0,0,1.22125e-15,1.22125e-15
wbc,"[9, 9, 9, 9, 9]",-1,104,5,0.3,62,16,27,30,3,0.0483871,0.0472528,0.0409252
wbc,"[9, 9, 9, 9, 9]",-1,104,5,0.5,62,16,14,17,3,0.0483871,0.0441052,0.038586
wbc,"[9, 9, 9, 9, 9]",-1,104,5,1,62,16,4,6,2,0.0322581,9.99201e-16,0.0126552
wbc,"[9, 9, 9, 9, 9]",-1,105,1,0.1,16,16,16,16,0,0,1.33227e-15,1.27676e-15
wbc,"[9, 9, 9, 9, 9]",-1,105,1,0.3,16,16,16,16,0,0,1.33227e-15,1.27676e-15
wbc,"[9, 9, 9, 9, 9]",-1,105,1,0.5,16,16,16,16,0,0,1.33227e-15,1.27676e-15
wbc,"[9, 9, 9, 9, 9]",-1,105,1,1,16,16,16,16,0,0,1.33227e-15,1.27676e-15
wbc,"[9, 9, 9, 9, 9]",-1,105,2,0.1,27,16,27,27,0,0,1.22125e-15,1.33227e-15
wbc,"[9, 9, 9, 9, 9]",-1,105,2,0.3,27,16,21,21,0,0,1.33227e-15,1.33227e-15
wbc,"[9, 9, 9, 9, 9]",-1,105,2,0.5,27,16,14,15,1,0.037037,0.0316635,0.0253359
wbc,"[9, 9, 9, 9, 9]",-1,105,2,1,27,16,7,8,1,0.037037,0.0653852,0.0622884
wbc,"[9, 9, 9, 9, 9]",-1,105,3,0.1,36,16,34,34,0,0,1.33227e-15,1.33227e-15
wbc,"[9, 9, 9, 9, 9]",-1,105,3,0.3,36,16,25,27,2,0.0555556,0.049648,0.040138
wbc,"[9, 9, 9, 9, 9]",-1,105,3,0.5,36,16,19,22,3,0.0833333,6.66134e-16,0.0189828
wbc,"[9, 9, 9, 9, 9]",-1,105,3,1,36,16,8,10,2,0.0555556,0.0988684,0.10163
wbc,"[9, 9, 9, 9, 9]",-1,105,4,0.1,42,16,40,40,0,0,1.33227e-15,1.33227e-15
wbc,"[9, 9, 9, 9, 9]",-1,105,4,0.3,42,16,32,33,1,0.0238095,1.9984e-15,0.00632761
wbc,"[9, 9, 9, 9, 9]",-1,105,4,0.5,42,16,25,26,1,0.0238095,0.0334538,0.0293493
wbc,"[9, 9, 9, 9, 9]",-1,105,4,1,42,16,11,13,2,0.047619,0.336784,0.330456
wbc,"[9, 9, 9, 9, 9]",-1,105,5,0.1,53,16,48,48,0,0,1.22125e-15,1.22125e-15
wbc,"[9, 9, 9, 9, 9]",-1,105,5,0.3,53,16,35,38,3,0.0566038,2.55351e-15,0.0189828
wbc,"[9, 9, 9, 9, 9]",-1,105,5,0.5,53,16,24,28,4,0.0754717,0.0125461,0.0251334
wbc,"[9, 9, 9, 9, 9]",-1,105,5,1,53,16,11,12,1,0.0188679,1.22125e-15,0.00632761
wbc,"[9, 9, 9]",-1,101,1,0.1,12,16,12,12,0,0,9.99201e-16,9.99201e-16
wbc,"[9, 9, 9]",-1,101,1,0.3,12,16,12,12,0,0,9.99201e-16,9.99201e-16
wbc,"[9, 9, 9]",-1,101,1,0.5,12,16,12,12,0,0,9.99201e-16,9.99201e-16
wbc,"[9, 9, 9]",-1,101,1,1,12,16,12,12,0,0,9.99201e-16,9.99201e-16
wbc,"[9, 9, 9]",-1,101,2,0.1,17,16,15,15,0,0,1.9984e-15,1.9984e-15
wbc,"[9, 9, 9]",-1,101,2,0.3,17,16,10,10,0,0,6.66134e-16,6.66134e-16
wbc,"[9, 9, 9]",-1,101,2,0.5,17,16,10,10,0,0,6.66134e-16,6.66134e-16
wbc,"[9, 9, 9]",-1,101,2,1,17,16,6,6,0,0,2.77556e-16,3.33067e-16
wbc,"[9, 9, 9]",-1,101,3,0.1,27,16,22,22,0,0,1.33227e-15,1.33227e-15
wbc,"[9, 9, 9]",-1,101,3,0.3,27,16,19,19,0,0,1.22125e-15,1.22125e-15
wbc,"[9, 9, 9]",-1,101,3,0.5,27,16,10,12,2,0.0740741,1.22125e-15,0.0126552
wbc,"[9, 9, 9]",-1,101,3,1,27,16,6,8,2,0.0740741,3.33067e-16,0.0126552
wbc,"[9, 9, 9]",-1,102,1,0.1,27,16,27,27,0,0,2.55351e-15,2.498e-15
wbc,"[9, 9, 9]",-1,102,1,0.3,27,16,27,27,0,0,2.55351e-15,2.498e-15
wbc,"[9, 9, 9]",-1,102,1,0.5,27,16,27,27,0,0,2.55351e-15,2.498e-15
wbc,"[9, 9, 9]",-1,102,1,1,27,16,27,27,0,0,2.55351e-15,2.498e-15
wbc,"[9, 9, 9]",-1,102,2,0.1,41,16,41,41,0,0,2.55351e-15,2.498e-15
wbc,"[9, 9, 9]",-1,102,2,0.3,41,16,27,27,0,0,1.9984e-15,1.9984e-15
wbc,"[9, 9, 9]",-1,102,2,0.5,41,16,23,24,1,0.0243902,1.9984e-15,0.00632761
wbc,"[9, 9, 9]",-1,102,2,1,41,16,10,11,1,0.0243902,1.27676e-15,0.00632761
wbc,"[9, 9, 9]",-1,102,3,0.1,52,16,49,49,0,0,2.55351e-15,2.498e-15
wbc,"[9, 9, 9]",-1,102,3,0.3,52,16,30,31,1,0.0192308,0.00922197,0.00710767
wbc,"[9, 9, 9]",-1,102,3,0.5,52,16,20,23,3,0.0576923,0.0216743,0.0180652
wbc,"[9, 9, 9]",-1,102,3,1,52,16,12,13,1,0.0192308,0.00339286,0.00408605
wbc,"[9, 9, 9]",-1,103,1,0.1,19,16,19,19,0,0,1.27676e-15,1.22125e-15
wbc,"[9, 9, 9]",-1,103,1,0.3,19,16,19,19,0,0,1.27676e-15,1.22125e-15
wbc,"[9, 9, 9]",-1,103,1,0.5,19,16,19,19,0,0,1.27676e-15,1.22125e-15
wbc,"[9, 9, 9]",-1,103,1,1,19,16,19,19,0,0,1.27676e-15,1.22125e-15
wbc,"[9, 9, 9]",-1,103,2,0.1,30,16,30,30,0,0,1.88738e-15,1.88738e-15
wbc,"[9, 9, 9]",-1,103,2,0.3,30,16,18,20,2,0.0666667,0.114335,0.12699
wbc,"[9, 9, 9]",-1,103,2,0.5,30,16,10,11,1,0.0333333,0.1064,0.112728
wbc,"[9, 9, 9]",-1,103,2,1,30,16,6,6,0,0,8.88178e-16,9.4369e-16
wbc,"[9, 9, 9]",-1,103,3,0.1,32,16,26,28,2,0.0625,1.33227e-15,0.0126552
wbc,"[9, 9, 9]",-1,103,3,0.3,32,16,13,15,2,0.0625,0.0847422,0.0910698
wbc,"[9, 9, 9]",-1,103,3,0.5,32,16,7,9,2,0.0625,0.158799,0.152472
wbc,"[9, 9, 9]",-1,103,3,1,32,16,5,5,0,0,2.77556e-16,3.33067e-16
wbc,"[9, 9, 9]",-1,104,1,0.1,18,16,18,18,0,0,1.88738e-15,1.88738e-15
wbc,"[9, 9, 9]",-1,104,1,0.3,18,16,18,18,0,0,1.88738e-15,1.88738e-15
wbc,"[9, 9, 9]",-1,104,1,0.5,18,16,18,18,0,0,1.88738e-15,1.88738e-15
wbc,"[9, 9, 9]",-1,104,1,1,18,16,18,18,0,0,1.88738e-15,1.88738e-15
wbc,"[9, 9, 9]",-1,104,2,0.1,34,16,34,34,0,0,1.88738e-15,1.9984e-15
wbc,"[9, 9, 9]",-1,104,2,0.3,34,16,24,25,1,0.0294118,0.0388861,0.0325585
wbc,"[9, 9, 9]",-1,104,2,0.5,34,16,17,18,1,0.0294118,0.00377929,0.00926259
wbc,"[9, 9, 9]",-1,104,2,1,34,16,11,13,2,0.0588235,0.0923176,0.0892335
wbc,"[9, 9, 9]",-1,104,3,0.1,46,16,41,43,2,0.0434783,0.00649806,0.0122503
wbc,"[9, 9, 9]",-1,104,3,0.3,46,16,25,27,2,0.0434783,0.0165694,0.0102418
wbc,"[9, 9, 9]",-1,104,3,0.5,46,16,12,13,1,0.0217391,1.33227e-15,0.00632761
wbc,"[9, 9, 9]",-1,104,3,1,46,16,8,8,0,0,0.00855369,0.00855369
wbc,"[9, 9, 9]",-1,105,1,0.1,16,16,16,16,0,0,6.66134e-16,6.66134e-16
wbc,"[9, 9, 9]",-1,105,1,0.3,16,16,16,16,0,0,6.66134e-16,6.66134e-16
wbc,"[9, 9, 9]",-1,105,1,0.5,16,16,16,16,0,0,6.66134e-16,6.66134e-16
wbc,"[9, 9, 9]",-1,105,1,1,16,16,16,16,0,0,6.66134e-16,6.66134e-16
wbc,"[9, 9, 9]",-1,105,2,0.1,39,16,39,39,0,0,1.88738e-15,1.9984e-15
wbc,"[9, 9, 9]",-1,105,2,0.3,39,16,32,33,1,0.025641,1.33227e-15,0.00632761
wbc,"[9, 9, 9]",-1,105,2,0.5,39,16,27,28,1,0.025641,1.88738e-15,0.00632761
wbc,"[9, 9, 9]",-1,105,2,1,39,16,22,22,0,0,1.22125e-15,1.22125e-15
wbc,"[9, 9, 9]",-1,105,3,0.1,48,16,44,44,0,0,1.9984e-15,1.9984e-15
wbc,"[9, 9, 9]",-1,105,3,0.3,48,16,23,25,2,0.0416667,2.55351e-15,0.0126552
wbc,"[9, 9, 9]",-1,105,3,0.5,48,16,15,17,2,0.0416667,0.0124867,0.0124867
wbc,"[9, 9, 9]",-1,105,3,1,48,16,11,12,1,0.0208333,6.66134e-16,0.00632761
